-0.86,-0.453,9.415,-3.557,0.939,-0.763,0,0,0
-0.85,-0.465,9.393,-3.344,0.84,-0.74,0,0,0
-0.81,-0.486,9.446,-3.649,1.267,-0.695,0,0,0
-0.857,-0.517,9.491,-3.573,1.176,-0.656,0,0,0
-0.872,-0.51,9.525,-3.649,0.954,-0.55,0,0,0
-0.824,-0.436,9.314,-3.405,1.031,-0.74,0,0,0
-0.81,-0.496,9.372,-3.412,1.008,-0.603,0,0,0
-0.819,-0.517,9.386,-3.458,1.168,-0.695,0,0,0
-0.781,-0.465,9.333,-3.405,1.092,-0.802,0,0,0
-0.886,-0.424,9.35,-3.466,0.931,-0.656,0,0,0
-0.874,-0.453,9.429,-3.427,1,-0.71,0,0,0
-0.85,-0.426,9.4,-3.527,0.931,-0.748,0,0,0
-0.824,-0.417,9.429,-3.397,1.023,-0.733,0,0,0
-0.833,-0.477,9.446,-3.504,0.954,-0.733,0,0,0
-0.85,-0.417,9.468,-3.412,0.977,-0.725,0,0,0
-0.857,-0.51,9.436,-3.573,1.107,-0.74,0,0,0
-0.807,-0.508,9.446,-3.405,1.244,-0.55,0,0,0
-0.865,-0.481,9.372,-3.489,1.061,-0.878,0,0,0
-0.843,-0.465,9.456,-3.519,0.969,-0.702,0,0,0
-0.85,-0.505,9.432,-3.557,1.153,-0.702,0,0,0
-0.867,-0.474,9.365,-3.504,1.214,-0.786,0,0,0
-0.85,-0.46,9.475,-3.466,0.962,-0.71,0,0,0
-0.862,-0.477,9.46,-3.427,0.847,-0.824,0,0,0
-0.85,-0.467,9.377,-3.42,1.084,-0.603,0,0,0
-0.889,-0.419,9.388,-3.336,0.992,-0.58,0,0,0
-0.855,-0.426,9.424,-3.656,0.878,-0.664,0,0,0
-0.877,-0.457,9.415,-3.527,1.076,-0.725,0,0,0
-0.845,-0.417,9.415,-3.489,1,-0.664,0,0,0
-0.886,-0.457,9.479,-3.527,1.038,-0.74,0,0,0
-0.766,-0.498,9.369,-3.366,1.542,-0.511,0,0,0
-0.855,-0.491,9.46,-3.542,2.55,-0.679,0,0,0
-0.968,-0.477,9.582,-3.427,-0.595,-0.847,0,0,0
-0.742,-0.527,9.377,-3.565,0.885,-0.771,0,0,0
-0.824,-0.469,9.412,-3.534,0.634,-0.855,0,0,0
-0.793,-0.479,9.393,-3.45,0.893,-0.817,0,0,0
-0.853,-0.441,9.444,-3.519,0.908,-0.626,0,0,0
-0.836,-0.438,9.458,-3.573,1.099,-0.634,0,0,0
-0.857,-0.448,9.503,-3.42,0.748,-0.672,0,0,0
-0.812,-0.441,9.4,-3.55,1.046,-0.679,0,0,0
-0.908,-0.46,9.436,-3.305,1.023,-0.664,0,0,0
-0.91,-0.534,9.484,-3.641,1.107,-0.634,0,0,0
-0.786,-0.445,9.496,-3.351,1.076,-0.588,0,0,0
-0.833,-0.467,9.42,-3.397,1.153,-0.557,0,0,0
-0.821,-0.508,9.4,-3.489,1.008,-0.603,0,0,0
-0.896,-0.443,9.47,-3.458,1.427,-0.725,0,0,0
-0.807,-0.45,9.429,-3.397,0.954,-0.603,0,0,0
-0.836,-0.455,9.508,-3.481,1.183,-0.565,0,0,0
-0.833,-0.479,9.448,-3.626,1,-0.733,0,0,0
-0.862,-0.491,9.479,-3.427,0.962,-0.763,0,0,0
-0.877,-0.445,9.408,-3.55,1.084,-0.649,0,0,0
-0.855,-0.493,9.405,-3.275,1.099,-0.565,0,0,0
-0.893,-0.45,9.491,-3.588,1.046,-0.756,0,0,0
-0.867,-0.436,9.453,-3.397,1.046,-0.626,0,0,0
-0.896,-0.517,9.458,-3.344,0.947,-0.611,0,0,0
-0.788,-0.479,9.463,-3.473,1.168,-0.649,0,0,0
-0.793,-0.505,9.379,-3.534,1.107,-0.817,0,0,0
-0.781,-0.481,9.451,-3.641,1.153,-0.748,0,0,0
-0.836,-0.441,9.484,-3.519,1.107,-0.656,0,0,0
-0.817,-0.515,9.439,-3.504,1.046,-0.649,0,0,0
-0.841,-0.513,9.388,-3.489,1.023,-0.611,0,0,0
-0.896,-0.436,9.439,-3.389,0.969,-0.687,0,0,0
-0.821,-0.445,9.472,-3.443,1.099,-0.824,0,0,0
-0.917,-0.407,9.384,-3.374,0.725,-0.687,0,0,0
-0.92,-0.457,9.42,-3.466,0.924,-0.588,0,0,0
-0.855,-0.426,9.491,-3.374,0.916,-0.603,0,0,0
-0.821,-0.455,9.451,-3.382,0.87,-0.733,0,0,0
-0.869,-0.489,9.446,-3.359,1.145,-0.702,0,0,0
-0.901,-0.489,9.386,-3.473,1.061,-0.527,0,0,0
-0.877,-0.508,9.384,-3.344,0.809,-0.649,0,0,0
-0.807,-0.457,9.408,-3.42,1.145,-0.672,0,0,0
-0.867,-0.45,9.374,-3.458,0.924,-0.664,0,0,0
-0.798,-0.393,9.477,-3.374,1.092,-0.718,0,0,0
-0.826,-0.541,9.468,-3.313,1.061,-0.71,0,0,0
-0.798,-0.465,9.52,-3.321,1.084,-0.718,0,0,0
-0.85,-0.465,9.412,-3.305,1.069,-0.702,0,0,0
-0.855,-0.465,9.477,-3.511,1.061,-0.664,0,0,0
-0.831,-0.496,9.427,-3.344,0.863,-0.847,0,0,0
-0.812,-0.46,9.475,-3.511,0.985,-0.618,0,0,0
-0.896,-0.426,9.408,-3.534,0.985,-0.611,0,0,0
-0.836,-0.436,9.381,-3.527,0.786,-0.634,0,0,0
-0.884,-0.477,9.372,-3.55,1.115,-0.687,0,0,0
-0.793,-0.474,9.472,-3.458,1.29,-0.618,0,0,0
-0.862,-0.402,9.422,-3.45,1.053,-0.725,0,0,0
-0.86,-0.505,9.496,-3.45,0.977,-0.718,0,0,0
-0.769,-0.522,9.46,-3.496,1.046,-0.771,0,0,0
-0.81,-0.455,9.479,-3.458,1.099,-0.679,0,0,0
-0.869,-0.489,9.444,-3.542,1.015,-0.71,0,0,0
-0.798,-0.414,9.422,-3.466,1.008,-0.679,0,0,0
-0.81,-0.398,9.415,-3.252,1.107,-0.71,0,0,0
-0.874,-0.424,9.525,-3.252,1.076,-0.649,0,0,0
-0.879,-0.441,9.439,-3.45,1.252,-0.809,0,0,0
-0.831,-0.496,9.453,-3.458,1.053,-0.656,0,0,0
-0.874,-0.46,9.482,-3.42,1,-0.527,0,0,0
-0.831,-0.498,9.451,-3.588,0.924,-0.74,0,0,0
-0.8,-0.469,9.321,-3.588,0.977,-0.832,0,0,0
-0.759,-0.457,9.479,-3.473,1.16,-0.489,0,0,0
-0.769,-0.486,9.479,-3.573,1.076,-0.687,0,0,0
-0.86,-0.513,9.408,-3.466,1.13,-0.725,0,0,0
-0.838,-0.465,9.47,-3.496,1.084,-0.565,0,0,0
-0.92,-0.498,9.367,-3.389,1.015,-0.893,0,0,0
-0.853,-0.522,9.415,-3.519,1.176,-0.687,0,0,0
-0.865,-0.481,9.434,-3.466,1.046,-0.534,0,0,0
-0.85,-0.469,9.444,-3.435,1.16,-0.565,0,0,0
-0.881,-0.469,9.458,-3.374,1.191,-0.656,0,0,0
-0.855,-0.438,9.396,-3.305,1.038,-0.687,0,0,0
-0.845,-0.472,9.484,-3.458,1.198,-0.74,0,0,0
-0.841,-0.405,9.417,-3.45,1.107,-0.771,0,0,0
-0.807,-0.474,9.47,-3.603,1.099,-0.725,0,0,0
-0.855,-0.503,9.412,-3.382,0.878,-0.786,0,0,0
-0.862,-0.453,9.46,-3.458,1.008,-0.641,0,0,0
-0.814,-0.491,9.321,-3.42,0.733,-0.618,0,0,0
-0.819,-0.477,9.348,-3.359,0.695,-0.534,0,0,0
-0.833,-0.445,9.424,-3.382,0.748,-0.695,0,0,0
-0.812,-0.448,9.496,-3.443,0.611,-0.809,0,0,0
-0.826,-0.51,9.456,-3.557,0.588,-0.817,0,0,0
-0.908,-0.429,9.477,-3.412,0.878,-0.718,0,0,0
-0.838,-0.445,9.403,-3.229,0.817,-0.687,0,0,0
-0.836,-0.498,9.468,-3.489,1.092,-0.634,0,0,0
-0.85,-0.477,9.489,-3.366,0.779,-0.756,0,0,0
-0.833,-0.486,9.458,-3.382,0.802,-0.832,0,0,0
-0.759,-0.465,9.475,-3.313,0.779,-0.664,0,0,0
-0.867,-0.513,9.412,-3.481,0.954,-0.672,0,0,0
-0.836,-0.429,9.412,-3.359,0.718,-0.634,0,0,0
-0.79,-0.46,9.424,-3.389,1.153,-0.527,0,0,0
-0.821,-0.489,9.482,-3.435,1.038,-0.824,0,0,0
-0.884,-0.465,9.42,-3.481,1.221,-0.779,0,0,0
-0.817,-0.496,9.448,-3.504,1.038,-0.649,0,0,0
-0.924,-0.445,9.417,-3.481,1.252,-0.756,0,0,0
-0.838,-0.479,9.391,-3.588,1.046,-0.542,0,0,0
-0.841,-0.498,9.453,-3.443,1.198,-0.763,0,0,0
-0.886,-0.467,9.362,-3.473,1.244,-0.641,0,0,0
-0.845,-0.498,9.417,-3.511,1.244,-0.634,0,0,0
-0.881,-0.46,9.381,-3.435,1.305,-0.687,0,0,0
-0.81,-0.532,9.345,-3.443,1.061,-0.763,0,0,0
-0.814,-0.541,9.415,-3.435,1.298,-0.908,0,0,0
-0.845,-0.532,9.439,-3.496,1.504,-0.603,0,0,0
-0.841,-0.481,9.408,-3.374,1.321,-0.771,0,0,0
-0.843,-0.489,9.448,-3.496,1.16,-0.718,0,0,0
-0.853,-0.462,9.513,-3.511,1.061,-0.672,0,0,0
-0.886,-0.462,9.436,-3.481,1.038,-0.603,0,0,0
-0.831,-0.388,9.412,-3.511,1.145,-0.603,0,0,0
-0.867,-0.426,9.417,-3.298,1,-0.771,0,0,0
-0.862,-0.472,9.539,-3.473,1.076,-0.695,0,0,0
-0.824,-0.445,9.441,-3.405,1.084,-0.527,0,0,0
-0.862,-0.484,9.396,-3.427,0.954,-0.702,0,0,0
-0.831,-0.448,9.403,-3.496,0.855,-0.786,0,0,0
-0.843,-0.503,9.398,-3.458,0.802,-0.634,0,0,0
-0.831,-0.496,9.487,-3.336,0.939,-0.649,0,0,0
-0.848,-0.422,9.506,-3.397,1.115,-0.763,0,0,0
-0.843,-0.443,9.388,-3.489,1.115,-0.832,0,0,0
-0.884,-0.479,9.429,-3.359,1.092,-0.824,0,0,0
-0.932,-0.491,9.36,-3.405,1.168,-0.58,0,0,0
-0.905,-0.4,9.398,-3.305,1.069,-0.656,0,0,0
-0.896,-0.484,9.53,-3.466,0.985,-0.74,0,0,0
-0.764,-0.445,9.285,-3.298,0.954,-0.595,0,0,0
-0.848,-0.489,9.42,-3.427,1.16,-0.74,0,0,0
-0.85,-0.45,9.374,-3.473,1,-0.733,0,0,0
-0.908,-0.505,9.408,-3.382,1.099,-0.55,0,0,0
-0.85,-0.513,9.432,-3.534,0.405,-0.618,0,0,0
-0.805,-0.484,9.391,-3.328,0.847,-0.679,0,0,0
-0.786,-0.493,9.472,-3.305,0.756,-0.763,0,0,0
-0.833,-0.515,9.424,-3.42,1.557,-0.626,0,0,0
-0.821,-0.474,9.427,-3.29,1.588,-0.534,0,0,0
-0.865,-0.52,9.453,-3.405,1.74,-0.588,0,0,0
-0.857,-0.467,9.403,-3.45,1.672,-0.573,0,0,0
-0.848,-0.481,9.348,-3.229,2.008,-0.74,0,0,0
-0.85,-0.469,9.475,-3.45,2.046,-0.443,0,0,0
-0.812,-0.436,9.41,-3.359,1.863,-0.588,0,0,0
-0.905,-0.422,9.305,-3.573,1.244,-0.634,0,0,0
-0.81,-0.45,9.468,-3.305,1.901,-0.557,0,0,0
-0.877,-0.453,9.434,-3.542,1.847,-0.504,0,0,0
-0.807,-0.493,9.424,-3.443,1.519,-0.649,0,0,0
-0.824,-0.448,9.475,-3.389,1.611,-0.573,0,0,0
-0.836,-0.457,9.432,-3.573,1.466,-0.611,0,0,0
-0.872,-0.481,9.451,-3.443,1.931,-0.603,0,0,0
-0.836,-0.479,9.46,-3.458,1.725,-0.603,0,0,0
-0.869,-0.548,9.36,-3.427,1.802,-0.634,0,0,0
-0.881,-0.46,9.403,-3.374,1.237,-0.611,0,0,0
-0.824,-0.469,9.479,-3.489,1.031,-0.679,0,0,0
-0.874,-0.503,9.489,-3.45,0.802,-0.679,0,0,0
-0.836,-0.515,9.391,-3.359,1.618,-0.542,0,0,0
-0.8,-0.448,9.439,-3.282,1.756,-0.458,0,0,0
-0.867,-0.498,9.456,-3.412,0.924,-0.687,0,0,0
-0.841,-0.445,9.475,-3.511,1.031,-0.595,0,0,0
-0.85,-0.433,9.523,-3.45,1.412,-0.649,0,0,0
-0.862,-0.453,9.362,-3.588,0.832,-0.718,0,0,0
-0.826,-0.462,9.386,-3.504,1.786,-0.74,0,0,0
-0.922,-0.445,9.489,-3.489,0.473,-0.695,0,0,0
-0.872,-0.445,9.388,-3.473,0.481,-0.702,0,0,0
-0.881,-0.481,9.42,-3.55,0.595,-0.611,0,0,0
-0.704,-0.498,9.393,-3.458,1.244,-0.565,0,0,0
-0.908,-0.455,9.441,-3.443,0.878,-0.687,0,0,0
-0.778,-0.496,9.391,-3.466,2.458,-0.626,0,0,0
-0.915,-0.431,9.427,-3.45,2.443,-0.58,0,0,0
-0.927,-0.51,9.52,-3.198,3.725,-0.466,0,0,0
-0.879,-0.489,9.281,-3.244,4.076,-0.611,0,0,0
-0.869,-0.491,9.381,-3.305,3.29,-0.603,0,0,0
-0.853,-0.448,9.491,-3.351,3.595,-0.618,0,0,0
-0.927,-0.522,9.415,-3.435,1.634,-0.74,0,0,0
-0.81,-0.412,9.427,-3.435,2.115,-0.641,0,0,0
-0.783,-0.484,9.405,-3.397,3.206,-0.496,0,0,0
-1.001,-0.508,9.484,-3.405,2.13,-0.588,0,0,0
-0.932,-0.505,9.46,-3.504,1.252,-0.779,0,0,0
-0.934,-0.467,9.432,-3.618,0.748,-0.809,0,0,0
-0.929,-0.426,9.484,-3.672,0.122,-0.718,0,0,0
-0.881,-0.486,9.427,-3.496,-0.008,-0.824,0,0,0
-0.862,-0.441,9.489,-3.718,-0.107,-0.901,0,0,0
-0.929,-0.441,9.57,-3.771,-0.527,-0.893,0,0,0
-0.867,-0.467,9.503,-3.603,-0.466,-0.794,0,0,0
-0.881,-0.496,9.439,-3.786,-0.221,-0.832,0,0,0
-0.764,-0.479,9.453,-3.626,0.641,-0.634,0,0,0
-0.807,-0.431,9.456,-3.473,1.053,-0.557,0,0,0
-0.766,-0.513,9.501,-3.328,2.389,-0.565,0,0,0
-0.857,-0.474,9.432,-3.473,2.389,-0.611,0,0,0
-0.929,-0.431,9.494,-3.504,1.496,-0.603,0,0,0
-0.915,-0.462,9.439,-3.321,1.679,-0.557,0,0,0
-0.819,-0.489,9.427,-3.359,2.252,-0.565,0,0,0
-0.889,-0.503,9.453,-3.298,2.107,-0.618,0,0,0
-0.783,-0.611,9.489,-3.107,1.855,-0.725,0,0,0
-0.872,-0.527,9.458,-3.336,1.802,-0.527,0,0,0
-0.872,-0.414,9.412,-3.305,1.435,-0.527,0,0,0
-0.848,-0.398,9.487,-3.29,1.336,-0.634,0,0,0
-0.898,-0.395,9.434,-3.382,1.702,-0.649,0,0,0
-0.953,-0.398,9.379,-3.359,1.992,-0.55,0,0,0
-0.92,-0.347,9.434,-3.198,2.046,-0.557,0,0,0
-0.874,-0.508,9.408,-3.321,1.664,-0.641,0,0,0
-0.879,-0.534,9.508,-3.374,1.45,-0.626,0,0,0
-0.86,-0.611,9.326,-3.374,1.122,-0.74,0,0,0
-0.862,-0.522,9.388,-3.366,0.87,-0.733,0,0,0
-0.793,-0.601,9.475,-3.466,0.962,-0.908,0,0,0
-0.8,-0.508,9.377,-3.26,0.878,-0.763,0,0,0
-0.865,-0.441,9.422,-3.527,0.328,-0.725,0,0,0
-0.879,-0.402,9.511,-3.405,1.672,-0.641,0,0,0
-0.92,-0.378,9.506,-3.298,2,-0.603,0,0,0
-0.956,-0.393,9.513,-3.305,2.092,-0.649,0,0,0
-0.903,-0.515,9.436,-3.389,2.939,-0.55,0,0,0
-0.936,-0.486,9.537,-3.298,3.061,-0.656,0,0,0
-0.848,-0.501,9.451,-3.389,2.931,-0.565,0,0,0
-0.886,-0.503,9.386,-3.229,2.878,-0.496,0,0,0
-0.853,-0.45,9.391,-3.366,2.496,-0.71,0,0,0
-0.901,-0.477,9.503,-3.458,1.794,-0.534,0,0,0
-0.865,-0.419,9.314,-3.595,0.656,-0.603,0,0,0
-0.891,-0.388,9.424,-3.641,0.817,-0.672,0,0,0
-0.853,-0.472,9.436,-3.473,1.038,-0.71,0,0,0
-0.879,-0.525,9.441,-3.397,1.115,-0.702,0,0,0
-0.963,-0.527,9.501,-3.656,0.405,-0.733,0,0,0
-0.881,-0.477,9.451,-3.725,0.29,-0.664,0,0,0
-1.25,-0.661,9.923,-3.779,-3.481,-0.87,0,0,0
-0.86,-0.577,9.81,-2.824,2.496,-0.473,0,0,0
-0.671,-0.474,8.761,-4.221,-4.58,-0.87,0,0,0
-0.92,-0.352,9.506,-3.908,-2.214,-0.832,0,0,0
-0.513,-0.431,9.312,-3.885,-3.71,-1.473,0,0,0
0.599,-0.56,9.415,-3.519,-8.626,-7.687,0,0,0
-0.798,-0.63,9.836,-2.779,-10.55,-10.802,0,0,0
-1.921,-0.393,9.221,-2.939,-2.069,-5.695,0,0,0
-1.55,-0.45,9.242,-3.176,1.924,-0.931,0,0,0
-0.968,-0.467,9.604,-3.565,1.802,-0.656,0,0,0
-0.762,-0.472,9.458,-3.458,0.26,-0.695,0,0,0
-0.853,-0.474,9.408,-3.511,0.29,-0.756,0,0,0
-0.735,-0.441,9.458,-3.557,0.656,-0.542,0,0,0
-0.86,-0.431,9.46,-3.672,-0.328,-0.626,0,0,0
-0.853,-0.474,9.422,-3.504,0.901,-0.42,0,0,0
-0.891,-0.45,9.42,-3.641,-0.061,-0.359,0,0,0
-0.896,-0.426,9.482,-3.641,0.855,-0.008,0,0,0
-1.066,-0.407,9.391,-3.695,1.893,1.168,0,0,0
-1.121,-0.433,9.309,-3.641,3.107,2.802,0,0,0
-1.001,-0.429,9.484,-3.756,5.053,4.336,0,0,0
-0.673,-0.491,9.441,-3.908,3.481,4.427,0,0,0
-0.558,-0.69,9.484,-3.779,2.603,3.359,0,0,0
-0.647,-0.651,9.501,-3.756,1.496,1.511,0,0,0
-0.719,-0.577,9.503,-3.603,0.992,0.351,0,0,0
-0.867,-0.534,9.475,-3.725,0.908,0.137,0,0,0
-0.982,-0.448,9.424,-3.84,0.008,-0.122,0,0,0
-0.781,-0.544,9.408,-3.557,0.366,0.023,0,0,0
-0.999,-0.618,9.417,-3.718,0.084,0.061,0,0,0
-0.879,-0.486,9.381,-3.649,-0.076,-0.038,0,0,0
-0.85,-0.467,9.3,-3.748,0.412,-0.198,0,0,0
-0.721,-0.347,9.439,-3.74,-0.069,-0.542,0,0,0
-0.807,-0.364,9.386,-3.656,-0.26,-0.534,0,0,0
-0.771,-0.474,9.415,-3.641,0.183,-0.656,0,0,0
-0.757,-0.558,9.403,-3.496,0.443,-0.58,0,0,0
-0.855,-0.513,9.47,-3.664,0.87,-0.573,0,0,0
-0.848,-0.563,9.448,-3.466,0.313,-0.458,0,0,0
-0.728,-0.501,9.518,-3.74,0.634,-0.122,0,0,0
-0.814,-0.311,9.465,-3.771,0.099,0.008,0,0,0
-0.843,-0.558,9.427,-3.695,-0.191,0.389,0,0,0
-0.814,-0.426,9.367,-3.809,0,0.748,0,0,0
-0.848,-0.436,9.388,-3.58,0.45,0.824,0,0,0
-0.8,-0.366,9.398,-3.74,0.267,0.229,0,0,0
-0.843,-0.467,9.42,-3.756,0.053,0.298,0,0,0
-0.769,-0.319,9.403,-3.771,0.42,0.206,0,0,0
-0.886,-0.45,9.463,-3.771,0.176,0.221,0,0,0
-0.824,-0.596,9.388,-3.679,-0.046,0.214,0,0,0
-0.788,-0.517,9.391,-3.496,0.214,0.015,0,0,0
-0.853,-0.414,9.369,-3.603,0.84,-0.298,0,0,0
-0.812,-0.426,9.434,-3.74,1,-0.153,0,0,0
-0.81,-0.489,9.465,-3.489,0.992,-0.282,0,0,0
-0.829,-0.489,9.489,-3.481,0.947,-0.397,0,0,0
-0.874,-0.469,9.503,-3.603,0.802,-0.282,0,0,0
-0.891,-0.467,9.396,-3.534,0.634,-0.359,0,0,0
-0.85,-0.465,9.453,-3.427,0.977,-0.267,0,0,0
-0.867,-0.417,9.429,-3.282,1.008,-0.374,0,0,0
-0.843,-0.407,9.444,-3.229,1.214,-0.45,0,0,0
-0.81,-0.429,9.415,-3.298,1.053,-0.519,0,0,0
-0.81,-0.481,9.41,-3.252,1.397,-0.588,0,0,0
-0.819,-0.491,9.391,-3.221,1.29,-0.626,0,0,0
-0.786,-0.469,9.441,-3.16,1.305,-0.664,0,0,0
-0.855,-0.508,9.439,-3.374,1.328,-0.687,0,0,0
-0.802,-0.424,9.391,-3.427,1.351,-0.565,0,0,0
-0.788,-0.503,9.403,-3.237,1.084,-0.443,0,0,0
-0.817,-0.489,9.424,-3.26,1.107,-0.557,0,0,0
-0.829,-0.438,9.482,-3.382,1.145,-0.626,0,0,0
-0.848,-0.462,9.475,-3.427,1.26,-0.511,0,0,0
-0.829,-0.477,9.444,-3.382,1.527,-0.756,0,0,0
-0.843,-0.479,9.448,-3.466,1.16,-0.641,0,0,0
-0.812,-0.474,9.465,-3.573,1.557,-0.611,0,0,0
-0.903,-0.479,9.424,-3.527,1.29,-0.901,0,0,0
-0.817,-0.474,9.3,-3.29,1.237,-0.664,0,0,0
-0.821,-0.479,9.398,-3.443,1.366,-0.756,0,0,0
-0.843,-0.429,9.436,-3.45,1.252,-0.748,0,0,0
-0.85,-0.472,9.463,-3.473,1.466,-0.802,0,0,0
-0.853,-0.457,9.436,-3.412,1.053,-0.557,0,0,0
-0.8,-0.469,9.422,-3.473,1.511,-0.595,0,0,0
-0.86,-0.412,9.417,-3.405,1.412,-0.794,0,0,0
-0.752,-0.498,9.439,-3.695,0.916,-0.557,0,0,0
-0.845,-0.455,9.456,-3.58,1.611,-0.588,0,0,0
-0.862,-0.438,9.491,-3.802,0.878,-0.565,0,0,0
-0.884,-0.402,9.547,-3.863,0.198,-0.267,0,0,0
-0.958,-0.28,9.496,-3.962,-1.878,0.435,0,0,0
-1.142,-0.287,9.451,-3.901,-3.107,2.267,0,0,0
-1.202,-0.386,9.652,-3.298,-6.382,5.145,0,0,0
-0.877,-0.649,10.217,-0.603,-7.634,6.122,0,0,0
-0.869,-0.656,10.691,4.481,-11.885,5.427,0,0,0
-0.96,-0.659,10.727,10.626,-16.076,4.542,0,0,0
-1.051,-0.278,10.648,14.496,-20.252,5.015,0,0,0
-1.25,-0.034,10.811,19.298,-25.786,8.786,0,0,0
0.017,-0.369,10.337,24.481,-31.115,9.061,0,0,0
0.431,-0.309,10.461,28.649,-38.603,6.969,0,0,0
0.247,-0.685,10.646,30.664,-50.13,6.626,0,0,0
0.323,-0.884,10.919,29.023,-59.008,5.901,0,0,0
-0.441,-0.936,10.737,28.817,-66.916,2.733,0,0,0
-0.762,-0.695,10.763,30.275,-76.664,0.847,0,0,0
-0.96,-0.453,10.852,32.206,-82.977,0.481,0,0,0
-0.843,-0.311,10.857,30.832,-75.954,0.931,0,0,0
-0.845,-0.307,10.61,30.626,-59.069,0.931,0,0,0
-0.814,-0.41,10.018,31.122,-42.504,1.443,0,0,0
-0.41,-0.165,9.796,30.641,-22.939,2.496,0,0,0
-0.093,0.196,9.757,29.183,-3.321,3.252,0,0,0
0.062,0.374,9.949,26.977,13.855,3.359,0,0,0
-0.103,0.388,9.791,24.679,26.443,2.847,0,0,0
-0.201,0.156,10.121,25.107,32.634,2.061,0,0,0
-0.122,0.165,10.639,27.71,32.611,1.634,0,0,0
-0.328,0.386,10.964,32.015,22.481,2.206,0,0,0
-0.45,0.448,10.897,36.42,4.733,3.534,0,0,0
-0.474,0.283,10.646,38.252,-15.511,4.748,0,0,0
-0.913,0.079,10.241,39.046,-39.321,5.351,0,0,0
-0.898,0.268,9.856,39.84,-63.336,6.649,0,0,0
-0.841,0.369,9.753,38.244,-79.985,7.74,0,0,0
-0.735,0.457,9.319,36.206,-88.473,8.947,0,0,0
-0.848,0.338,9.01,34.573,-91.733,9.756,0,0,0
-0.539,0.479,8.85,30.74,-90.427,9.389,0,0,0
-0.302,0.91,8.363,29.641,-78.267,10.389,0,0,0
-0.101,0.812,8.268,28.351,-64.458,12.756,0,0,0
-0.048,0.771,7.963,26.092,-48.885,13.038,0,0,0
0.254,0.764,7.645,22.817,-29.534,12.916,0,0,0
0.515,0.735,7.468,19.573,-13.389,12.069,0,0,0
0.685,0.716,7.492,15.565,1.053,11.115,0,0,0
0.905,0.754,7.631,11.42,12.298,10.275,0,0,0
1.059,0.778,7.494,6.756,24.443,8.786,0,0,0
1.3,0.697,7.714,3.115,36.053,6.344,0,0,0
1.562,0.845,7.64,0.42,48.061,3.351,0,0,0
1.399,0.738,7.81,-1.443,58.489,0.496,0,0,0
1.245,0.685,8.052,-2.366,64.427,-1.817,0,0,0
1.063,0.733,8.397,-2.595,68.756,-3.443,0,0,0
0.759,0.862,8.586,-2.313,68.718,-4.405,0,0,0
0.56,0.915,9.154,-2.878,66.015,-5.107,0,0,0
0.529,0.81,9.017,-3.122,61.626,-5.908,0,0,0
0.51,0.829,8.816,-3.885,56.695,-6.031,0,0,0
0.216,0.903,8.886,-5.435,49.664,-6,0,0,0
0.01,0.948,8.797,-8.527,41.725,-5.092,0,0,0
-0.031,0.96,8.79,-12.466,34.702,-4.214,0,0,0
-0.168,0.786,8.991,-16.855,27.107,-3.29,0,0,0
-0.228,0.74,9.101,-20.626,20.687,-2.924,0,0,0
-0.168,0.697,9.3,-22.924,16.031,-2.802,0,0,0
-0.108,0.608,9.518,-23.855,13.275,-3.046,0,0,0
0.069,0.651,9.673,-24.374,14.145,-3.473,0,0,0
0.038,0.477,9.93,-24.496,15.985,-4.504,0,0,0
0.062,0.419,10.026,-24.122,17.214,-6.107,0,0,0
0.084,0.342,10.028,-23.092,18.107,-7.031,0,0,0
0.141,0.46,10.052,-22.198,20.13,-8.267,0,0,0
-0.005,0.498,10.03,-22.458,23.244,-9.153,0,0,0
-0.28,0.443,9.999,-22.725,25.374,-9.496,0,0,0
-0.299,0.417,10.018,-22.931,27.26,-9.382,0,0,0
-0.46,0.309,10.059,-22.802,29.023,-9.008,0,0,0
-0.563,0.158,9.894,-22.863,30.962,-8.763,0,0,0
-0.69,0.105,9.697,-23.153,31.763,-8.992,0,0,0
-0.728,0.096,9.424,-25.16,32.481,-9.206,0,0,0
-0.841,0.067,9.183,-28.504,31.366,-8.977,0,0,0
-0.992,0.005,9.077,-33.16,28.58,-8.733,0,0,0
-0.984,0.046,9.082,-38.496,24.427,-7.992,0,0,0
-1.027,-0.055,9.3,-43.794,19.519,-7.511,0,0,0
-0.936,-0.055,9.575,-47.87,15.794,-7.55,0,0,0
-0.862,-0.086,9.994,-49.855,13.122,-7.763,0,0,0
-0.843,-0.132,10.337,-48.863,11.305,-7.42,0,0,0
-0.675,-0.086,10.596,-45.618,12.031,-6.695,0,0,0
-0.56,0.034,10.775,-40.901,14.107,-6.725,0,0,0
-0.606,0.014,10.739,-34.771,16.29,-6.565,0,0,0
-0.695,-0.086,10.531,-28.733,17.565,-6.298,0,0,0
-0.766,-0.17,10.169,-26.076,15.634,-5.55,0,0,0
-0.798,-0.077,9.827,-25.824,12.74,-4.412,0,0,0
-0.819,-0.204,9.544,-27.687,8.962,-3.565,0,0,0
-0.762,-0.22,9.441,-29.962,5.519,-3.023,0,0,0
-0.697,-0.251,9.415,-32.458,2.611,-2.985,0,0,0
-0.819,-0.242,9.511,-34.832,0.527,-3.359,0,0,0
-0.726,-0.326,9.654,-35.832,0.076,-3.45,0,0,0
-0.704,-0.319,9.836,-35.229,0.809,-3.366,0,0,0
-0.63,-0.311,9.987,-33.237,2.809,-3.275,0,0,0
-0.58,-0.354,10.009,-30.542,4.786,-3.053,0,0,0
-0.515,-0.527,9.908,-28.122,6.611,-3.366,0,0,0
-0.383,-0.527,9.779,-26.328,8.733,-3.504,0,0,0
-0.376,-0.539,9.654,-25.603,10.107,-3.466,0,0,0
-0.405,-0.599,9.388,-26.061,10.29,-3.985,0,0,0
-0.436,-0.707,9.537,-27.282,9.702,-4.817,0,0,0
-0.695,-0.568,9.621,-28.977,7.099,-5.382,0,0,0
-0.896,-0.465,9.935,-29.771,3.855,-5.122,0,0,0
-1.023,-0.431,10.33,-28.466,0.313,-3.763,0,0,0
-0.893,-0.402,10.651,-24.481,-3.626,-1.847,0,0,0
-0.778,-0.402,10.852,-17.885,-7.252,0.183,0,0,0
-0.625,-0.534,10.83,-12.206,-9.847,0.931,0,0,0
-0.472,-0.69,10.54,-7.611,-11.267,1.168,0,0,0
-0.357,-0.608,10.224,-4.267,-11.076,0.649,0,0,0
-0.493,-0.596,10.047,-1.878,-10.42,-0.313,0,0,0
-0.52,-0.73,9.721,-0.626,-9.977,-1.252,0,0,0
-0.536,-0.738,9.542,-0.16,-8.55,-1.893,0,0,0
-0.558,-0.747,9.386,-0.015,-6.824,-2.069,0,0,0
-0.56,-0.714,9.47,-0.023,-5.725,-2.481,0,0,0
-0.596,-0.663,9.384,0.053,-4.664,-2.641,0,0,0
-0.666,-0.709,9.369,0.504,-3.626,-2.771,0,0,0
-0.714,-0.666,9.338,0.992,-2.786,-2.55,0,0,0
-0.819,-0.608,9.585,1.252,-2.763,-2.031,0,0,0
-0.898,-0.611,9.654,1.748,-3.397,-1.198,0,0,0
-0.877,-0.62,9.836,2.947,-2.901,-0.183,0,0,0
-0.795,-0.594,9.865,4.611,-2.763,0.618,0,0,0
-0.726,-0.642,9.899,7.053,-2.198,0.756,0,0,0
-0.723,-0.594,9.913,9.336,-2.038,0.443,0,0,0
-0.769,-0.589,9.841,11.45,-1.786,0.221,0,0,0
-0.869,-0.544,9.666,13.282,-2.412,0.099,0,0,0
-0.896,-0.539,9.353,14.695,-3,0.656,0,0,0
-0.96,-0.546,9.053,14.916,-3.282,1.26,0,0,0
-0.936,-0.491,8.78,13.908,-4.183,1.817,0,0,0
-0.958,-0.489,8.66,12,-4.855,1.847,0,0,0
-0.936,-0.489,8.605,10.099,-4.496,1.397,0,0,0
-0.891,-0.441,8.598,8.13,-4.527,0.84,0,0,0
-0.96,-0.489,8.66,6.962,-4.298,0.939,0,0,0
-0.939,-0.333,8.897,6.252,-3.855,0.87,0,0,0
-0.865,-0.295,8.89,6.229,-3.573,1.153,0,0,0
-0.886,-0.342,8.929,6.595,-3.176,1.45,0,0,0
-0.831,-0.285,8.943,6.855,-2.252,1.351,0,0,0
-0.692,-0.235,9.068,7.656,-1.985,1.183,0,0,0
-0.723,-0.189,9.113,8.947,-2.107,1.046,0,0,0
-0.587,-0.189,9.06,10.137,-2.008,1.069,0,0,0
-0.618,-0.237,8.957,11.214,-1.702,1.145,0,0,0
-0.544,-0.225,8.895,12.015,-1.26,1.13,0,0,0
-0.587,-0.141,8.751,12.206,-0.603,1.153,0,0,0
-0.716,-0.137,8.639,11.985,-0.794,1.122,0,0,0
-0.764,-0.081,8.507,11.374,-1.389,1.756,0,0,0
-0.757,-0.11,8.414,10.374,-2.344,2.557,0,0,0
-0.716,-0.055,8.32,8.573,-3.168,3.183,0,0,0
-0.678,-0.026,8.265,6.824,-3.344,3.473,0,0,0
-0.69,-0.048,8.201,4.618,-3.595,3.473,0,0,0
-0.623,-0.113,8.234,2.13,-3.931,3.298,0,0,0
-0.568,-0.038,8.294,-0.206,-3.618,2.924,0,0,0
-0.515,-0.043,8.371,-2.344,-3.122,2.603,0,0,0
-0.429,-0.055,8.495,-4.145,-2.565,2.069,0,0,0
-0.359,-0.117,8.601,-5.046,-1.87,1.214,0,0,0
-0.369,-0.086,8.737,-5.313,-1.26,0.519,0,0,0
-0.46,-0.134,8.749,-5.397,-0.122,-0.008,0,0,0
-0.51,-0.101,8.795,-5.603,1.275,-0.573,0,0,0
-0.534,-0.053,8.907,-5.496,2.038,-0.634,0,0,0
-0.601,0.007,8.991,-5.176,3.382,-0.443,0,0,0
-0.68,0.012,9.039,-4.947,4.565,-0.229,0,0,0
-0.639,-0.007,9.075,-4.053,5.916,0.038,0,0,0
-0.647,0.065,9.111,-2.939,6.962,0.84,0,0,0
-0.714,0.05,9.144,-1.855,7.832,1.076,0,0,0
-0.659,0.01,9.238,-1.084,8.382,1.504,0,0,0
-0.592,-0.127,9.135,-0.687,8.061,1.496,0,0,0
-0.541,-0.153,9.089,-0.519,7.023,1.412,0,0,0
-0.505,-0.091,9.19,-1.145,5.13,1.13,0,0,0
-0.481,-0.139,9.151,-1.84,3.359,0.542,0,0,0
-0.455,-0.213,9.13,-2.618,1.107,0.031,0,0,0
-0.441,-0.275,9.137,-3.092,0.74,-0.695,0,0,0
-0.374,-0.115,9.173,-3.687,0.542,-1.481,0,0,0
-0.467,-0.115,9.242,-3.786,1.031,-2.069,0,0,0
-0.613,-0.132,9.209,-3.496,1.046,-2.466,0,0,0
-0.635,-0.12,9.18,-3.26,1.084,-2.611,0,0,0
-0.73,-0.091,9.053,-3.076,1.565,-2.267,0,0,0
-0.757,-0.127,9.07,-3.267,2.481,-1.71,0,0,0
-0.788,-0.213,9.094,-3.763,3.664,-1.58,0,0,0
-0.793,-0.204,9.159,-4.969,4.496,-1.046,0,0,0
-0.786,-0.256,9.305,-6.099,5.076,-0.679,0,0,0
-0.723,-0.232,9.283,-7.153,5.206,-0.534,0,0,0
-0.556,-0.218,9.345,-7.802,5.885,-0.427,0,0,0
-0.592,-0.261,9.518,-7.901,5.794,-0.573,0,0,0
-0.546,-0.228,9.611,-6.786,5.275,-0.863,0,0,0
-0.62,-0.208,9.669,-5.427,4.405,-1.069,0,0,0
-0.601,-0.182,9.592,-4.038,3.985,-0.802,0,0,0
-0.687,-0.101,9.551,-3.496,3.076,-0.511,0,0,0
-0.759,-0.105,9.386,-3.275,1.969,-0.313,0,0,0
-0.762,-0.132,9.29,-3.748,1.153,0.145,0,0,0
-0.728,-0.175,9.278,-4.649,0.466,0.634,0,0,0
-0.678,-0.204,9.221,-5.794,-0.26,1.298,0,0,0
-0.635,-0.196,9.338,-6.779,-0.069,1.58,0,0,0
-0.56,-0.232,9.503,-7.595,1.015,1.26,0,0,0
-0.532,-0.345,9.573,-8.084,1.626,0.985,0,0,0
-0.493,-0.328,9.599,-7.878,1.382,1.168,0,0,0
-0.501,-0.263,9.702,-7.038,1.122,0.885,0,0,0
-0.448,-0.266,9.65,-5.977,0.901,1.084,0,0,0
-0.477,-0.23,9.7,-4.786,-0.099,1.038,0,0,0
-0.527,-0.331,9.597,-3.573,-0.573,1,0,0,0
-0.39,-0.275,9.523,-3.107,-1.084,0.954,0,0,0
-0.393,-0.242,9.463,-3.099,-0.969,0.786,0,0,0
-0.378,-0.268,9.477,-3.336,-0.718,0.389,0,0,0
-0.402,-0.251,9.357,-3.656,-0.412,-0.282,0,0,0
-0.359,-0.285,9.276,-3.786,-0.496,-0.725,0,0,0
-0.342,-0.287,9.293,-3.74,-0.008,-1.038,0,0,0
-0.323,-0.331,9.288,-3.618,0.282,-1.13,0,0,0
-0.395,-0.285,9.307,-3.45,0.427,-1.427,0,0,0
-0.304,-0.321,9.214,-3.099,0.626,-2,0,0,0
-0.386,-0.275,9.214,-2.656,0.58,-2.481,0,0,0
-0.51,-0.24,9.077,-2.282,0.374,-2.542,0,0,0
-0.532,-0.232,9.077,-1.985,-0.389,-2.542,0,0,0
-0.544,-0.235,8.936,-2.26,-0.634,-2.13,0,0,0
-0.599,-0.208,8.953,-2.565,-0.618,-2.053,0,0,0
-0.489,-0.273,8.818,-3.336,-0.74,-2.153,0,0,0
-0.508,-0.287,8.79,-3.947,-0.573,-2.16,0,0,0
-0.433,-0.223,8.732,-4.87,-0.153,-2.198,0,0,0
-0.486,-0.225,8.641,-5.771,0.176,-2.534,0,0,0
-0.46,-0.192,8.601,-6.527,0.565,-2.771,0,0,0
-0.501,-0.098,8.665,-6.992,1.328,-2.649,0,0,0
-0.522,-0.158,8.778,-7.435,1.855,-2.473,0,0,0
-0.453,-0.206,8.632,-7.557,3.053,-1.985,0,0,0
-0.496,-0.196,8.627,-7.328,4.115,-1.893,0,0,0
-0.51,-0.223,8.687,-7.168,5.053,-1.718,0,0,0
-0.419,-0.199,8.711,-7.366,5.466,-1.969,0,0,0
-0.326,-0.204,8.694,-7.565,6.298,-2.237,0,0,0
-0.323,-0.29,8.608,-7.893,6.855,-2.847,0,0,0
-0.316,-0.302,8.624,-8.061,6.985,-4.015,0,0,0
-0.386,-0.285,8.481,-8.573,6.763,-5.198,0,0,0
-0.419,-0.232,8.545,-8.878,6.221,-5.893,0,0,0
-0.405,-0.204,8.464,-9.618,6.076,-5.962,0,0,0
-0.565,-0.199,8.457,-10.244,5.511,-6.198,0,0,0
-0.666,-0.187,8.397,-10.656,5.069,-6.038,0,0,0
-0.726,-0.213,8.383,-11.588,4.939,-5.611,0,0,0
-0.721,-0.204,8.375,-12.534,4.992,-4.847,0,0,0
-0.666,-0.24,8.445,-13.611,5.412,-4.115,0,0,0
-0.673,-0.244,8.414,-14.466,6.198,-3.824,0,0,0
-0.584,-0.218,8.526,-15.252,7.374,-3.427,0,0,0
-0.62,-0.23,8.584,-15.725,8.046,-3.42,0,0,0
-0.412,-0.254,8.612,-16.069,9.115,-3.847,0,0,0
-0.383,-0.247,8.775,-15.893,10.282,-4.534,0,0,0
-0.41,-0.323,8.658,-15.74,10.908,-5.489,0,0,0
-0.465,-0.369,8.754,-15.992,10.565,-6.405,0,0,0
-0.436,-0.422,8.754,-16.313,10.107,-7,0,0,0
-0.501,-0.359,8.747,-16.931,9.176,-7.779,0,0,0
-0.568,-0.455,8.737,-17.527,7.595,-8.229,0,0,0
-0.695,-0.477,8.862,-18.405,6.916,-8.588,0,0,0
-0.79,-0.469,8.84,-18.366,6.595,-8.221,0,0,0
-0.836,-0.438,8.89,-18.344,6.046,-7.855,0,0,0
-0.843,-0.393,8.795,-18.519,5.901,-7.214,0,0,0
-0.869,-0.469,8.895,-18.588,5.878,-6.695,0,0,0
-0.838,-0.544,8.847,-18.931,5.924,-6.489,0,0,0
-0.735,-0.479,8.869,-19.427,5.679,-6.794,0,0,0
-0.723,-0.525,8.862,-20.221,5.611,-6.962,0,0,0
-0.776,-0.618,8.936,-21.031,5.229,-7.221,0,0,0
-0.793,-0.616,8.907,-21.71,4.565,-7.221,0,0,0
-0.786,-0.618,8.936,-22.542,3.573,-6.725,0,0,0
-0.886,-0.575,8.933,-23.275,2.664,-6.221,0,0,0
-0.762,-0.697,9.075,-24.458,1.336,-5.595,0,0,0
-0.75,-0.754,9.156,-25.023,1.504,-5.221,0,0,0
-0.742,-0.752,9.295,-24.603,2.908,-5.26,0,0,0
-0.659,-0.898,9.432,-23.527,3.992,-5.412,0,0,0
-0.56,-0.922,9.353,-22.023,6.176,-6.084,0,0,0
-0.594,-0.956,9.436,-20.366,7.626,-7.031,0,0,0
-0.548,-0.975,9.446,-19.061,8.74,-8.115,0,0,0
-0.608,-0.944,9.357,-18.809,8.534,-8.931,0,0,0
-0.73,-0.889,9.396,-19.687,7.542,-8.885,0,0,0
-0.692,-0.857,9.441,-21.206,6.733,-9.046,0,0,0
-0.776,-0.903,9.561,-21.985,5.527,-8.901,0,0,0
-0.829,-0.97,9.666,-22.443,5.267,-9.153,0,0,0
-0.848,-1.011,9.803,-21.672,6.221,-9.275,0,0,0
-0.953,-1.138,9.947,-20.061,7.87,-9.42,0,0,0
-1.123,-1.198,9.949,-18.191,9.359,-9.298,0,0,0
-1.277,-1.075,10.011,-16.725,10.847,-8.847,0,0,0
-1.358,-1.078,9.973,-15.565,12.069,-7.626,0,0,0
-1.358,-1.109,9.968,-15.618,11.893,-6.046,0,0,0
-1.248,-1.147,9.98,-16.122,11.115,-4.71,0,0,0
-1.061,-1.198,10.085,-17.069,9.664,-4.26,0,0,0
-0.831,-1.248,10.028,-17.702,7.863,-4.557,0,0,0
-0.74,-1.267,9.975,-18.481,6.053,-5.397,0,0,0
-0.695,-1.312,10.011,-18.985,4.45,-6.618,0,0,0
-0.723,-1.38,10.119,-19.664,3.649,-8.115,0,0,0
-0.821,-1.377,10.227,-19.641,2.992,-9.237,0,0,0
-0.944,-1.346,10.373,-18.939,3.038,-9.786,0,0,0
-16.437,-13.431,19.619,137.595,-107.435,22.405,0,0,0
-2.263,-0.467,15.335,64.038,33.42,14.748,0,0,0
-8.979,-4.711,19.619,72.45,-18.939,-3.42,0,0,0
-2.963,-2.385,12.667,67.076,16.359,-5.305,0,0,0
-0.98,-1.3,10.193,61.954,18.038,-4.252,0,0,0
-1.277,-0.994,10.016,55.107,8.359,-2.542,0,0,0
-1.451,-0.819,10.394,49.939,3.16,-0.542,0,0,0
-1.528,-0.8,10.073,45.947,-2.412,1.115,0,0,0
-3.097,0.656,10.912,30.473,-38.122,-0.427,0,0,0
-1.88,-0.879,12.921,18.298,-71.26,4.718,0,0,0
-0.57,-0.34,11.623,6.71,-53.16,5.366,0,0,0
0.649,0.259,8.565,4.321,-5.351,2.145,0,0,0
-1.063,-0.496,9.487,-2.527,7.725,-3.344,0,0,0
-1.217,-0.604,9.338,-3.389,4.595,-6.115,0,0,0
-0.817,-0.668,9.274,-0.947,-2.092,-5.13,0,0,0
-0.757,-0.946,9.257,1.336,-3.305,-3.229,0,0,0
-0.805,-0.532,9.367,2.267,-3.435,-2.099,0,0,0
-0.786,-0.228,9.468,2.534,-5.397,-1.198,0,0,0
-0.259,0.002,10.617,-5.847,4.702,0.115,0,0,0
-1.092,-0.709,9.238,-2.794,1.153,-0.679,0,0,0
-0.687,-0.376,9.7,-3.603,1.763,-0.42,0,0,0
-0.886,-0.465,9.458,-3.168,1.672,-0.229,0,0,0
-0.786,-0.378,9.448,-3.359,1.733,-0.053,0,0,0
-0.79,-0.455,9.446,-3.282,1.511,-0.023,0,0,0
-0.812,-0.405,9.453,-3.351,1.191,-0.137,0,0,0
-0.757,-0.422,9.453,-3.344,1.122,-0.328,0,0,0
-0.812,-0.398,9.434,-3.458,1.084,-0.473,0,0,0
-0.781,-0.467,9.405,-3.336,1.496,-0.344,0,0,0
-0.805,-0.501,9.427,-3.389,1.275,-0.405,0,0,0
-0.766,-0.515,9.353,-3.443,1.565,-0.366,0,0,0
-0.774,-0.472,9.479,-3.443,1.496,-0.412,0,0,0
-0.845,-0.453,9.479,-3.427,1.718,-0.573,0,0,0
-0.788,-0.431,9.429,-3.389,1.779,-0.656,0,0,0
-0.798,-0.484,9.511,-3.481,1.618,-0.771,0,0,0
-0.838,-0.486,9.367,-3.328,1,-0.45,0,0,0
-0.833,-0.436,9.549,-3.359,2.397,-0.611,0,0,0
-0.85,-0.438,9.47,-3.458,1.962,-0.611,0,0,0
-0.793,-0.489,9.415,-3.473,1.603,-0.466,0,0,0
-0.872,-0.532,9.424,-3.496,1.496,-0.641,0,0,0
-0.788,-0.525,9.396,-3.336,1.679,-0.618,0,0,0
-0.81,-0.453,9.508,-3.42,1.496,-0.573,0,0,0
-0.901,-0.45,9.494,-3.443,1.198,-0.649,0,0,0
-0.798,-0.347,9.525,-3.511,1.351,-0.618,0,0,0
-0.848,-0.433,9.477,-3.466,1.153,-0.656,0,0,0
-0.781,-0.501,9.417,-3.481,1.282,-0.527,0,0,0
-0.826,-0.445,9.468,-3.557,1.779,-0.542,0,0,0
-0.85,-0.412,9.432,-3.344,2.038,-0.473,0,0,0
-0.807,-0.465,9.41,-3.397,1.618,-0.336,0,0,0
-0.824,-0.539,9.386,-3.519,1.878,-0.427,0,0,0
-0.817,-0.398,9.494,-3.511,1.382,-0.58,0,0,0
-0.898,-0.503,9.585,-3.458,0.672,-0.641,0,0,0
-0.836,-0.465,9.451,-3.55,-0.061,-0.626,0,0,0
-0.824,-0.474,9.391,-3.611,-0.076,-0.878,0,0,0
-0.766,-0.462,9.293,-3.557,-0.015,-0.794,0,0,0
-0.79,-0.534,9.458,-3.542,0.542,-0.618,0,0,0
-0.778,-0.527,9.436,-3.443,1.115,-0.573,0,0,0
-0.836,-0.46,9.463,-3.573,1.504,-0.71,0,0,0
-0.798,-0.46,9.4,-3.573,1.542,-0.656,0,0,0
-0.86,-0.479,9.348,-3.679,1.588,-0.588,0,0,0
-0.865,-0.242,9.36,-3.672,1.718,-0.519,0,0,0
-1.025,-0.134,9.432,-3.618,1.405,0.023,0,0,0
-1.128,-0.383,9.501,-3.74,0.855,0.397,0,0,0
-1.25,-0.704,9.472,-4.061,0.55,1.366,0,0,0
-1.59,-0.714,9.42,-4.366,0.679,3.008,0,0,0
-1.945,-0.814,9.355,-5.099,0.664,4.458,0,0,0
-1.856,-0.994,9.741,-7.237,2.237,3.901,0,0,0
-1.933,-0.98,9.932,-11.916,4.893,3.649,0,0,0
-3.387,-0.848,9.645,-15.885,9.656,0.351,0,0,0
-2.639,-1.097,9.65,-15.626,20,2.176,0,0,0
-2.73,-1.157,9.82,-12.855,26.244,6.031,0,0,0
-2.793,-0.972,10.337,-6.565,27.061,9.74,0,0,0
-2.644,-0.771,10.624,-0.374,24.031,12.122,0,0,0
-2.426,-0.781,10.648,4.832,20.053,14.092,0,0,0
-2.299,-0.723,10.54,8.641,16.672,15.985,0,0,0
-2.263,-0.812,10.414,10.55,11.962,16.779,0,0,0
-2.115,-0.963,10.057,11.84,7.916,17.298,0,0,0
-1.938,-0.843,9.824,12.481,3.748,16.802,0,0,0
-2.072,-0.762,9.594,11.214,-0.076,16.397,0,0,0
-2.172,-0.697,9.362,9.588,-2.603,15.885,0,0,0
-2.208,-0.654,9.266,7.672,-4.42,15.649,0,0,0
-2.16,-0.608,9.06,5.458,-5.496,16.298,0,0,0
-2.002,-0.438,8.969,2.725,-6.084,16.519,0,0,0
-1.914,-0.407,8.926,-0.344,-5.992,16.595,0,0,0
-1.772,-0.405,8.83,-3.061,-4.977,16.504,0,0,0
-1.621,-0.364,8.85,-5.153,-2.595,16.046,0,0,0
-1.365,-0.307,8.787,-7.267,-0.901,15.374,0,0,0
-1.377,-0.242,8.689,-9.824,0.405,14.733,0,0,0
-1.403,-0.232,8.835,-11.641,1.13,13.931,0,0,0
-1.332,-0.163,8.792,-13.221,0.672,13.481,0,0,0
-1.265,-0.304,8.883,-14.595,-0.191,13.481,0,0,0
-1.195,-0.323,9.068,-15.519,-1.527,13.481,0,0,0
-1.229,-0.223,9.151,-15.626,-4.389,13.29,0,0,0
-1.293,-0.268,9.307,-15.038,-8.962,13.611,0,0,0
-1.205,-0.115,9.283,-14.664,-14.794,14.344,0,0,0
-1.106,-0.113,9.264,-13.565,-20.672,16.397,0,0,0
-0.821,-0.117,9.278,-12.45,-25.962,18.252,0,0,0
-0.553,-0.022,9.19,-11.435,-27.779,18.878,0,0,0
-0.386,-0.065,8.996,-10.809,-27.939,18.71,0,0,0
-0.137,-0.103,9.029,-9.763,-25.588,18.023,0,0,0
-0.321,-0.223,9.075,-9.191,-22.053,16.656,0,0,0
-0.448,-0.268,9.194,-8.298,-19.359,16.198,0,0,0
-0.592,-0.218,9.3,-7.595,-16.427,16.458,0,0,0
-0.589,-0.175,9.432,-5.863,-10.969,17.55,0,0,0
-0.414,-0.225,9.424,-3.015,-5.45,18.832,0,0,0
-0.192,-0.369,9.422,0.511,-0.267,20.252,0,0,0
0,-0.431,9.355,4.145,4.458,21.473,0,0,0
0.247,-0.436,9.271,6.321,7.664,21.344,0,0,0
0.388,-0.328,9.077,6.908,8.893,20.153,0,0,0
0.4,-0.323,8.953,6.427,8.336,18.176,0,0,0
0.424,-0.395,8.876,4.87,6.71,16.069,0,0,0
0.237,-0.354,8.857,2.893,3.672,14.351,0,0,0
0.22,-0.244,8.727,0.176,0.924,13.504,0,0,0
0.194,-0.115,8.806,-2.351,-1.863,13.099,0,0,0
0.213,-0.158,8.871,-3.824,-3.931,12.809,0,0,0
0.273,-0.287,8.852,-4.672,-5.458,12.412,0,0,0
0.29,-0.263,8.893,-5.137,-5.198,12.008,0,0,0
0.515,-0.228,9.118,-5.229,-3.901,11.282,0,0,0
0.541,-0.342,9.259,-4.863,-1.748,10.099,0,0,0
0.616,-0.398,9.206,-4.13,0.313,8.42,0,0,0
0.541,-0.455,9.441,-3.55,1.916,6.924,0,0,0
0.501,-0.508,9.372,-3.122,3.534,5.344,0,0,0
0.371,-0.472,9.269,-2.611,4.893,4.229,0,0,0
0.184,-0.383,9.408,-2.145,5.412,3.298,0,0,0
0.125,-0.402,9.439,-1.87,6.656,2.786,0,0,0
-0.05,-0.448,9.458,-1.237,6.504,2.656,0,0,0
-0.026,-0.386,9.448,-0.748,6.641,2.687,0,0,0
-0.189,-0.431,9.58,-0.099,7.985,3.13,0,0,0
-0.105,-0.527,9.702,0.534,8.87,3.198,0,0,0
0,-0.613,9.781,1.595,10.382,3.214,0,0,0
0.089,-0.604,9.75,2.489,11.908,2.718,0,0,0
0.089,-0.596,9.611,3.29,12.389,2.267,0,0,0
0.093,-0.589,9.628,4.008,13.519,1.702,0,0,0
0.213,-0.635,9.626,4.168,15.237,0.389,0,0,0
0.23,-0.457,9.753,3.924,15.939,-1.13,0,0,0
0.177,-0.503,9.666,3.664,15.794,-2.618,0,0,0
-0.026,-0.611,9.623,3.473,14.069,-4.244,0,0,0
-0.089,-0.534,9.645,2.588,11.71,-5.389,0,0,0
-0.331,-0.568,9.537,1.206,10.168,-6.489,0,0,0
-0.546,-0.558,9.587,-0.183,8.985,-6.87,0,0,0
-0.659,-0.484,9.487,-1.786,9.672,-6.58,0,0,0
-0.824,-0.443,9.52,-3.145,10.565,-5.641,0,0,0
-0.982,-0.263,9.721,-3.664,9.885,-4.466,0,0,0
-0.982,-0.407,9.779,-3.763,8.176,-2.725,0,0,0
-0.915,-0.426,9.774,-3.069,6.573,-1.435,0,0,0
-0.666,-0.517,9.822,-2.214,6.122,-0.847,0,0,0
-0.467,-0.536,9.621,-1.321,6.183,-1.458,0,0,0
-0.417,-0.493,9.709,-0.695,5.282,-2.618,0,0,0
-0.517,-0.462,9.609,-0.916,3.519,-3.168,0,0,0
-0.627,-0.429,9.53,-1.924,0.443,-3.443,0,0,0
-0.793,-0.378,9.578,-3.733,-3.366,-3.435,0,0,0
-0.927,-0.316,9.618,-6.107,-7.107,-3.282,0,0,0
-0.903,-0.362,9.618,-7.679,-9.603,-2.794,0,0,0
-0.948,-0.328,9.683,-8.061,-11.45,-1.947,0,0,0
-0.924,-0.352,9.705,-7.45,-10.344,-1.153,0,0,0
-0.848,-0.314,9.92,-6.023,-8.076,-0.542,0,0,0
-0.893,-0.328,10.028,-4.221,-5.427,-0.115,0,0,0
-0.86,-0.314,10.052,-2.076,-2.534,0.359,0,0,0
-0.853,-0.311,9.927,-0.336,-1.038,0.733,0,0,0
-0.716,-0.295,9.949,1.046,0.725,0.893,0,0,0
-0.723,-0.345,9.805,2.153,0.939,0.481,0,0,0
-0.707,-0.374,9.779,2.458,-0.504,0.053,0,0,0
-0.752,-0.342,9.585,2.023,-2.336,-0.389,0,0,0
-0.795,-0.194,9.535,0.756,-4.809,-0.771,0,0,0
-0.893,-0.208,9.391,-0.924,-6.756,-0.473,0,0,0
-0.994,-0.232,9.561,-2.092,-7.71,-0.084,0,0,0
-0.98,-0.299,9.535,-2.71,-7.542,0.16,0,0,0
-0.999,-0.28,9.602,-2.58,-6.092,0.626,0,0,0
-1.018,-0.273,9.626,-1.824,-4.267,1.099,0,0,0
-1.03,-0.278,9.659,-0.634,-3.053,1.603,0,0,0
-1.008,-0.24,9.623,0.198,-2.45,2.092,0,0,0
-0.953,-0.168,9.638,0.809,-1.87,2.534,0,0,0
-0.857,-0.285,9.709,0.779,-2.328,2.641,0,0,0
-0.805,-0.216,9.717,0.687,-2.702,2.298,0,0,0
-0.754,-0.223,9.645,0.458,-2.634,1.939,0,0,0
-0.649,-0.218,9.666,0.641,-1.748,1.206,0,0,0
-0.642,-0.249,9.604,1.962,-0.374,0.084,0,0,0
-0.685,-0.211,9.578,3.519,2.237,-1.076,0,0,0
-0.841,-0.182,9.439,5.023,4.55,-1.901,0,0,0
-0.999,-0.211,9.307,6.374,6.542,-2.191,0,0,0
-1.159,-0.201,9.048,6.748,7.695,-2.168,0,0,0
-1.3,-0.146,8.878,5.718,7.641,-1.366,0,0,0
-1.286,-0.105,8.682,3.885,6.534,-0.847,0,0,0
-1.339,-0.125,8.574,1.534,4.519,-0.176,0,0,0
-1.348,-0.165,8.557,-1.16,1.916,0.031,0,0,0
-1.296,-0.218,8.471,-3.595,-0.947,0.351,0,0,0
-1.262,-0.091,8.416,-6,-4.153,0.87,0,0,0
-1.183,-0.053,8.512,-8.229,-6.992,1.626,0,0,0
-1.286,-0.048,8.727,-10.023,-8.71,1.878,0,0,0
-1.188,-0.048,9.032,-10.855,-9.786,2.359,0,0,0
-1.068,-0.048,9.154,-10.656,-9.076,3.13,0,0,0
-0.963,-0.115,9.274,-9.603,-7.038,3.313,0,0,0
-0.869,-0.125,9.297,-8.122,-4.305,3.16,0,0,0
-0.843,-0.194,9.307,-6.84,-1.573,2.443,0,0,0
-0.848,-0.189,9.415,-5.985,0.496,1.847,0,0,0
-0.92,-0.151,9.46,-5.855,1.748,1.656,0,0,0
-0.915,-0.151,9.472,-5.893,2.252,2.038,0,0,0
-0.874,-0.163,9.424,-6.29,1.763,2.298,0,0,0
-0.735,-0.18,9.621,-6.664,0.733,2.634,0,0,0
-0.637,-0.168,9.685,-6.947,0.153,2.504,0,0,0
-0.489,-0.275,9.755,-6.71,-0.565,2.13,0,0,0
-0.354,-0.354,9.793,-6.397,-1.969,1.756,0,0,0
-0.314,-0.426,9.927,-5.351,-2.771,1.382,0,0,0
-0.302,-0.393,9.92,-4.534,-3.611,1.099,0,0,0
-0.163,-0.319,9.887,-3.687,-3.885,0.756,0,0,0
-0.041,-0.292,9.705,-3.084,-4.206,0.55,0,0,0
-0.06,-0.307,9.721,-2.87,-4.473,0.443,0,0,0
0.084,-0.232,9.633,-3.153,-4.939,0.031,0,0,0
0.376,-0.23,9.645,-3.542,-5.008,-0.26,0,0,0
0.577,-0.263,9.709,-4.015,-5.321,-1.061,0,0,0
0.833,-0.199,9.753,-4.015,-5.099,-2.084,0,0,0
0.982,-0.302,9.844,-3.573,-4.519,-3.679,0,0,0
1.145,-0.299,9.961,-2.87,-3.382,-5.397,0,0,0
1.164,-0.326,10.083,-1.916,-2.115,-7.588,0,0,0
1.226,-0.35,10.26,-0.252,-0.29,-9.962,0,0,0
1.26,-0.378,10.275,2.031,1.527,-11.84,0,0,0
1.154,-0.405,10.208,4.626,3.26,-13.672,0,0,0
1.08,-0.374,10.059,7.359,3.954,-15.084,0,0,0
1.056,-0.357,9.918,9.198,4.26,-16.26,0,0,0
1.02,-0.309,9.678,10.275,4.321,-17.45,0,0,0
0.972,-0.326,9.379,10.527,3.893,-18.634,0,0,0
0.821,-0.256,9.135,9.565,2.618,-20.031,0,0,0
0.821,-0.271,9.01,7.527,2.656,-21.221,0,0,0
0.774,-0.196,9.005,5.298,3.168,-22.656,0,0,0
0.702,-0.297,9.072,3.725,4.275,-23.893,0,0,0
0.637,-0.319,9.058,3.122,5.901,-25.534,0,0,0
0.529,-0.443,9.166,2.855,6.183,-27.313,0,0,0
0.529,-0.369,9.101,2.664,5.565,-28.916,0,0,0
0.357,-0.275,9.048,2.672,5.611,-29.519,0,0,0
0.223,-0.395,9.077,2.87,4.626,-29.496,0,0,0
0.182,-0.393,9.111,2.557,2.557,-29.115,0,0,0
0.17,-0.266,9.077,1.916,1.031,-29.328,0,0,0
0.17,-0.223,9,0.756,-0.176,-29.237,0,0,0
0.175,-0.261,9.077,-0.908,-0.855,-29.618,0,0,0
0.259,-0.323,8.977,-2.473,-1.58,-30.573,0,0,0
0.213,-0.321,9.068,-4.061,-1.191,-31.473,0,0,0
0.175,-0.28,9.166,-5.565,-0.191,-32.756,0,0,0
0.117,-0.275,9.211,-6.908,0.733,-33.458,0,0,0
-0.048,-0.357,9.463,-8.466,1.679,-34.168,0,0,0
-0.038,-0.347,9.657,-8.954,2.84,-34.458,0,0,0
-0.072,-0.433,9.827,-8.153,3.191,-34.824,0,0,0
-0.192,-0.457,9.872,-6.893,2.588,-34.832,0,0,0
-0.201,-0.493,9.915,-5.038,0.084,-34.55,0,0,0
-0.141,-0.548,9.863,-4.038,-1.328,-34.366,0,0,0
-0.292,-0.625,9.925,-3.336,-1.527,-35.145,0,0,0
-0.426,-0.596,9.918,-3.389,-0.809,-36.359,0,0,0
-0.575,-0.668,9.841,-3.29,-0.427,-37.718,0,0,0
-0.771,-0.589,9.841,-3.168,0.771,-38.435,0,0,0
-0.862,-0.599,9.827,-3.13,2.733,-38.786,0,0,0
-1.054,-0.647,9.76,-2.885,4.718,-38.58,0,0,0
-1.159,-0.472,9.7,-2.55,6.267,-37.672,0,0,0
-1.226,-0.472,9.767,-2.244,6.908,-36.115,0,0,0
-1.324,-0.429,9.755,-1.931,6.664,-34.802,0,0,0
-1.291,-0.529,9.671,-1.779,5.573,-33.679,0,0,0
-1.356,-0.52,9.65,-1.832,4.588,-32.817,0,0,0
-1.487,-0.527,9.76,-1.916,3.435,-32.145,0,0,0
-1.657,-0.479,9.65,-1.656,2.511,-31.557,0,0,0
-1.734,-0.441,9.623,-1.313,2.267,-30.977,0,0,0
-1.947,-0.422,9.57,-0.397,2.42,-29.885,0,0,0
-2.261,-0.386,9.463,0.702,1.916,-28.008,0,0,0
-2.376,-0.35,9.233,1.649,1.42,-25.389,0,0,0
-2.464,-0.261,9.003,2,0.863,-22.885,0,0,0
-2.522,-0.251,8.909,1.466,0.214,-20.229,0,0,0
-2.491,-0.352,8.785,0.519,-0.924,-18.191,0,0,0
-2.575,-0.429,8.529,-1.168,-2.328,-16.817,0,0,0
-2.591,-0.393,8.507,-3.16,-3.313,-15.931,0,0,0
-2.69,-0.366,8.368,-5.481,-4.809,-15,0,0,0
-2.747,-0.388,8.366,-8.702,-5.748,-13.55,0,0,0
-2.733,-0.424,8.438,-11.107,-6.534,-12.252,0,0,0
-2.749,-0.321,8.562,-12.802,-6.344,-10.954,0,0,0
-2.642,-0.273,8.696,-14.275,-5.656,-9.313,0,0,0
-2.567,-0.146,8.969,-15.221,-3.802,-7.168,0,0,0
-2.393,-0.146,9.161,-15.565,-2.565,-5.252,0,0,0
-2.103,-0.208,9.319,-15.16,-0.687,-3.817,0,0,0
-1.887,-0.187,9.477,-13.977,0.786,-3.557,0,0,0
-1.756,-0.223,9.547,-12.351,2.145,-3.702,0,0,0
-1.734,-0.213,9.697,-11.069,2.855,-3.687,0,0,0
-1.669,-0.244,9.846,-10.015,3.382,-3.473,0,0,0
-1.7,-0.237,9.848,-8.87,3.771,-3.298,0,0,0
-1.82,-0.163,9.903,-7.832,4.069,-2.55,0,0,0
-1.801,-0.199,9.978,-6.71,4.763,-1.763,0,0,0
-1.717,-0.218,10.138,-5.641,6.031,-0.954,0,0,0
-1.775,-0.216,10.069,-3.16,8.435,-0.008,0,0,0
-1.705,-0.17,10.028,-0.863,10.786,0.588,0,0,0
-1.813,-0.11,9.918,1.481,12.13,1.382,0,0,0
-1.823,-0.184,9.858,3.183,12.58,2.321,0,0,0
-1.688,-0.139,9.764,4.626,12.191,3.328,0,0,0
-1.619,-0.105,9.633,4.939,11.466,3.74,0,0,0
-1.545,-0.153,9.511,5.053,10.534,4.076,0,0,0
-1.547,-0.194,9.424,4.206,9.214,4.336,0,0,0
-1.547,-0.194,9.25,2.802,7.656,4.763,0,0,0
-1.559,-0.163,9.211,0.779,6.504,5.183,0,0,0
-1.463,-0.089,9.242,-1.053,5.443,5.481,0,0,0
-1.396,-0.098,9.183,-2.344,5.107,6.031,0,0,0
-1.43,-0.053,9.264,-2.893,5.458,6.374,0,0,0
-1.356,-0.06,9.257,-2.527,6.321,6.771,0,0,0
-1.341,-0.086,9.321,-1.786,7.885,7.13,0,0,0
-1.188,-0.081,9.362,-0.985,9.71,7.275,0,0,0
-1.217,-0.125,9.41,-0.229,10.687,7.122,0,0,0
-1.145,-0.184,9.312,0.305,10.71,6.511,0,0,0
-1.087,-0.189,9.285,0.405,9.733,6.008,0,0,0
-1.174,-0.275,9.175,-0.267,8.229,5.679,0,0,0
-1.248,-0.208,9.115,-1.588,6.237,5.573,0,0,0
-1.305,-0.223,9.005,-3.473,4.45,6.122,0,0,0
-1.281,-0.117,9.068,-5.298,2.992,6.45,0,0,0
-1.2,-0.077,9.183,-7.046,1.947,7.107,0,0,0
-1.188,-0.105,9.19,-8.137,1.435,7.595,0,0,0
-1.092,-0.117,9.35,-8.939,2.206,8.015,0,0,0
-0.97,-0.165,9.271,-9.053,3.153,7.947,0,0,0
-0.934,-0.105,9.326,-9.244,3.931,7.878,0,0,0
-0.917,-0.151,9.355,-9.443,4.015,8.145,0,0,0
-0.874,-0.254,9.405,-9.985,3.855,8.374,0,0,0
-0.769,-0.251,9.542,-10.557,2.985,8.092,0,0,0
-0.656,-0.402,9.628,-11.13,2.206,7.718,0,0,0
-0.63,-0.436,9.628,-11.435,1.611,6.573,0,0,0
-0.654,-0.445,9.666,-10.977,1.244,5.29,0,0,0
-0.632,-0.374,9.63,-10.038,0.87,4.237,0,0,0
-0.719,-0.383,9.561,-9.076,0.504,3.969,0,0,0
-0.759,-0.323,9.563,-8.473,0.473,4.015,0,0,0
-0.893,-0.314,9.434,-8.336,0.634,3.992,0,0,0
-0.984,-0.307,9.336,-8.672,0.214,4.504,0,0,0
-0.97,-0.287,9.319,-9.748,0.267,4.878,0,0,0
-0.936,-0.304,9.283,-11.145,1.061,5.321,0,0,0
-0.944,-0.323,9.295,-12.504,0.969,5.641,0,0,0
-0.869,-0.354,9.463,-13.893,1.16,5.611,0,0,0
-0.74,-0.438,9.561,-14.779,1.466,5.443,0,0,0
-0.541,-0.441,9.623,-14.802,1.901,4.802,0,0,0
-0.469,-0.378,9.784,-13.626,2.573,3.695,0,0,0
-0.455,-0.357,9.776,-11.855,2.176,2.916,0,0,0
-0.589,-0.307,9.755,-10.092,1.237,2.885,0,0,0
-0.666,-0.342,9.63,-8.443,0.336,2.847,0,0,0
-0.697,-0.342,9.424,-7.634,-0.153,2.931,0,0,0
-0.73,-0.352,9.25,-7.511,-0.282,3.137,0,0,0
-0.769,-0.369,9.027,-8.229,-0.298,3.351,0,0,0
-0.817,-0.352,8.981,-9.771,-1.328,3.809,0,0,0
-0.85,-0.414,8.917,-11.748,-2.687,3.794,0,0,0
-0.771,-0.417,8.974,-13.389,-3.321,3.74,0,0,0
-0.699,-0.465,9.046,-14.748,-3.962,3.397,0,0,0
-0.709,-0.433,9.235,-15.122,-4.092,3.046,0,0,0
-0.565,-0.563,9.312,-14.687,-4.405,2.87,0,0,0
-0.491,-0.556,9.35,-13.412,-5.031,2.87,0,0,0
-0.56,-0.647,9.297,-11.519,-5.481,2.374,0,0,0
-0.553,-0.692,9.221,-10.374,-5.84,1.588,0,0,0
-0.639,-0.601,9.096,-9.87,-6.336,0.824,0,0,0
-0.788,-0.604,9.12,-10.588,-6.565,0.55,0,0,0
-0.877,-0.565,9.096,-11.779,-6.779,0.939,0,0,0
-0.867,-0.57,9.08,-13,-6.198,1.389,0,0,0
-0.75,-0.536,9.149,-13.664,-5.42,1.969,0,0,0
-0.685,-0.501,9.338,-13.527,-3.649,2.13,0,0,0
-0.467,-0.608,9.448,-12.565,-1.656,1.779,0,0,0
-0.292,-0.515,9.578,-10.718,0.237,0.947,0,0,0
-0.182,-0.45,9.642,-8.656,2.328,-0.542,0,0,0
-0.261,-0.563,9.611,-5.908,3.13,-1.977,0,0,0
-0.34,-0.546,9.547,-3.443,3.053,-2.969,0,0,0
-0.484,-0.402,9.314,-2.427,1.542,-3.031,0,0,0
-0.685,-0.326,9.218,-2.557,-0.122,-2.748,0,0,0
-0.833,-0.287,9.171,-3.74,-1.809,-1.832,0,0,0
-0.824,-0.328,9.228,-5.481,-2.511,-0.908,0,0,0
-0.644,-0.247,9.396,-6.756,-1.511,-0.511,0,0,0
-0.568,-0.151,9.554,-6.359,1.412,-0.924,0,0,0
-0.431,-0.072,9.784,-4.168,4.725,-2.191,0,0,0
-0.366,0.05,9.803,-1.313,7.687,-3.137,0,0,0
-0.407,0.141,9.867,1.496,9.298,-3.473,0,0,0
-0.467,0.211,9.841,4.374,9.481,-3.397,0,0,0
-0.611,0.316,9.695,6.382,8.046,-3.252,0,0,0
-0.793,0.369,9.582,6.74,4.649,-2.542,0,0,0
-0.867,0.45,9.377,6.008,-0.015,-1.817,0,0,0
-0.972,0.536,9.377,4.168,-5.122,-0.84,0,0,0
-1.078,0.558,9.297,2.58,-8.687,0.565,0,0,0
-0.987,0.481,9.436,0.695,-12.565,2.489,0,0,0
-0.886,0.433,9.496,-0.885,-14.641,4.565,0,0,0
-0.627,0.41,9.621,-1.626,-16.405,6.061,0,0,0
-0.35,0.362,9.805,-1.336,-17,6.565,0,0,0
-0.261,0.35,9.956,-0.115,-15.214,5.374,0,0,0
-0.189,0.244,10.117,1.168,-14.481,2.947,0,0,0
-0.266,0.321,10.069,3.038,-12.511,0.649,0,0,0
-0.467,0.359,9.997,4.931,-11.389,-1.046,0,0,0
-0.8,0.433,9.901,6.168,-11.595,-1.008,0,0,0
-1.061,0.366,9.678,6.618,-12.84,-0.023,0,0,0
-1.14,0.338,9.59,6.115,-13.977,1.908,0,0,0
-1.09,0.319,9.602,5.069,-13.763,3.672,0,0,0
-0.934,-0.089,9.506,4.382,-11.687,4.985,0,0,0
-0.764,-0.309,9.436,4.168,-8.565,5.168,0,0,0
-0.522,-0.295,9.451,4.046,-3.947,4.298,0,0,0
-0.52,-0.275,9.333,3.947,0.099,2.786,0,0,0
-0.575,0.031,9.489,3.527,3.107,-0.053,0,0,0
-0.716,0.024,9.47,2.847,4.817,-3.435,0,0,0
-0.893,-0.486,9.262,3.015,5.206,-4.031,0,0,0
-1.164,-0.733,9.223,3.924,5.534,-1.168,0,0,0
-1.387,-0.52,9.183,4.023,5.198,2.771,0,0,0
-1.43,-0.292,9.077,3.053,4.634,5.42,0,0,0
-1.147,-0.189,8.984,0.924,3.664,6.359,0,0,0
-0.81,-0.369,8.893,-1.618,3.328,6.221,0,0,0
-0.661,-0.56,8.917,-4.748,3.115,4.748,0,0,0
-0.551,-0.778,9.048,-7.328,2.969,2.588,0,0,0
-0.4,-0.857,9.206,-9.756,3.13,-0.176,0,0,0
-0.237,-1.02,9.369,-11.679,3.656,-3.382,0,0,0
-0.204,-1.039,9.544,-12.389,4.695,-7.221,0,0,0
-0.247,-1.13,9.47,-12.641,5.656,-10.076,0,0,0
-0.594,-1.013,9.451,-12.573,6.374,-12.061,0,0,0
-0.891,-0.752,9.369,-12.878,4.313,-11.969,0,0,0
-1.157,-0.711,9.345,-13.916,0.313,-10.824,0,0,0
-1.188,-0.766,9.341,-15.534,-3.16,-9.16,0,0,0
-1.207,-0.786,9.264,-16.908,-6.298,-7.641,0,0,0
-1.298,-0.723,9.422,-18.702,-9.107,-6.153,0,0,0
-1.327,-0.774,9.365,-19.733,-10.817,-4.802,0,0,0
-1.214,-0.927,9.609,-20.237,-10.641,-3.74,0,0,0
-1.116,-1.138,9.731,-20.008,-8.756,-2.931,0,0,0
-0.879,-1.348,9.913,-18.824,-4.924,-2.695,0,0,0
-0.8,-1.365,9.958,-16.565,0.084,-3.443,0,0,0
-0.752,-1.396,10.143,-13.626,3.672,-4.786,0,0,0
-0.771,-1.241,10.129,-10.985,5.511,-6.092,0,0,0
-0.975,-1.238,10.002,-8.015,6.244,-6.603,0,0,0
-1.09,-1.183,9.961,-5.71,6.626,-6.237,0,0,0
-1.19,-1.111,9.745,-3.756,6.443,-5.046,0,0,0
-1.272,-1.035,9.573,-2.695,5.649,-3.008,0,0,0
-1.403,-1.061,9.336,-2.481,5.031,-0.84,0,0,0
-1.339,-1.209,9.194,-2.977,3.908,1.718,0,0,0
-1.214,-1.217,9.147,-4.145,3.45,3.977,0,0,0
-1.154,-1.289,9.173,-5.191,3.122,5.053,0,0,0
-0.987,-1.291,9.159,-6.206,3.321,5.275,0,0,0
-0.826,-1.324,9.338,-6.695,3.954,4.733,0,0,0
-0.702,-1.305,9.506,-6.466,4.809,3.954,0,0,0
-0.687,-1.257,9.604,-5.763,5.107,3.519,0,0,0
-0.625,-1.193,9.65,-4.641,5.107,3.198,0,0,0
-0.627,-1.166,9.645,-3.191,3.939,3.527,0,0,0
-0.671,-1.095,9.7,-1.985,2.031,3.977,0,0,0
-0.668,-1.059,9.59,-1.16,-0.557,4.649,0,0,0
-0.685,-1.068,9.484,-0.992,-2.969,5.481,0,0,0
-0.608,-1.195,9.41,-1.511,-4.359,5.84,0,0,0
-0.541,-1.183,9.199,-2.496,-4.565,6.336,0,0,0
-0.46,-1.238,9.154,-3.366,-3.924,6.534,0,0,0
-0.321,-1.193,9.144,-4.038,-2.573,6.359,0,0,0
-0.213,-1.198,9.08,-4.221,-1.252,5.687,0,0,0
-0.141,-1.289,9.259,-4.214,0.817,4.26,0,0,0
-0.168,-1.255,9.194,-3.763,2.344,3.046,0,0,0
-0.304,-1.226,9.266,-3.336,3.824,2.13,0,0,0
-0.414,-1.097,9.305,-3.099,4.061,1.916,0,0,0
-0.503,-1.142,9.331,-3.076,3.519,2.664,0,0,0
-0.625,-1.195,9.326,-3.099,2.282,3.733,0,0,0
-0.57,-1.162,9.285,-3.595,1.206,4.786,0,0,0
-0.489,-1.207,9.317,-4.153,-0.137,5.733,0,0,0
-0.388,-1.221,9.434,-5.038,-1.603,6.015,0,0,0
-0.251,-1.248,9.456,-5.473,-2.458,5.427,0,0,0
-0.256,-1.229,9.63,-5.542,-2.656,4.565,0,0,0
-0.228,-1.322,9.812,-5.176,-1.389,3.756,0,0,0
-0.34,-1.406,9.918,-3.832,0.71,2.802,0,0,0
-0.388,-1.487,9.851,-1.718,3.618,2.328,0,0,0
-0.441,-1.461,9.846,0.679,6.153,2.191,0,0,0
-0.625,-1.483,9.839,2.725,8.947,2.115,0,0,0
-0.702,-1.566,9.707,3.985,11.718,2.282,0,0,0
-0.704,-1.566,9.642,4.664,13.282,2.321,0,0,0
-0.68,-1.602,9.645,5.107,13.328,2.244,0,0,0
-0.757,-1.597,9.525,5.13,12.664,2.435,0,0,0
-0.831,-1.53,9.499,5.023,10.779,3.015,0,0,0
-0.793,-1.487,9.439,4.107,8.145,3.962,0,0,0
-0.783,-1.456,9.441,2.71,5.664,4.924,0,0,0
-0.709,-1.636,9.324,1.489,3.985,5.542,0,0,0
-0.582,-1.758,9.357,0.366,3.252,5.71,0,0,0
-0.508,-1.777,9.348,-0.015,3.634,5.252,0,0,0
-0.369,-1.89,9.4,-0.244,4.534,4.756,0,0,0
-0.513,-2,9.527,0.153,6.076,3.634,0,0,0
-0.601,-1.976,9.523,0.802,8.137,2.191,0,0,0
-0.556,-1.926,9.563,1.855,10.267,0.939,0,0,0
-0.627,-1.751,9.503,3.366,12.466,-0.305,0,0,0
-0.929,-1.724,9.266,4.298,14,-0.366,0,0,0
-1.114,-1.578,8.989,4.328,14.153,0.603,0,0,0
-1.334,-1.401,8.737,2.817,12.901,2.489,0,0,0
-1.36,-1.324,8.72,-0.481,10.328,4.321,0,0,0
-1.344,-1.322,8.754,-5.099,6.809,5.542,0,0,0
-1.303,-1.38,8.816,-9.252,4.458,5.939,0,0,0
-1.315,-1.42,8.814,-13.756,2.321,6.206,0,0,0
-1.344,-1.423,9.029,-17.603,0.244,6.466,0,0,0
-1.413,-1.547,9.269,-20.214,1.038,6.84,0,0,0
-1.217,-1.48,9.479,-20.939,3.076,6.603,0,0,0
-0.984,-1.277,9.719,-20.603,4.954,6.053,0,0,0
-0.929,-0.771,9.954,-22.656,-0.504,4.718,0,0,0
-0.793,-0.491,9.817,-21.29,0.16,2.802,0,0,0
-0.651,-0.419,9.781,-17.099,-1.328,2.786,0,0,0
-0.74,-0.266,9.923,-10.771,-4.069,4.389,0,0,0
-0.886,-0.005,9.987,-4.962,-7.863,6.557,0,0,0
-0.92,0.137,9.887,-0.275,-11.351,9.237,0,0,0
-1.025,0.057,9.781,2.725,-14.45,11.992,0,0,0
-0.886,-0.108,9.499,4.809,-15.641,13.649,0,0,0
-0.604,-0.309,9.264,6.099,-13.466,14.015,0,0,0
-0.273,-0.292,9.046,6.84,-10.099,13.473,0,0,0
-0.005,-0.261,8.897,6.992,-5.374,11.916,0,0,0
0.086,-0.192,8.761,6.588,-0.863,9.649,0,0,0
0.096,0.017,8.711,5.466,2.939,7.313,0,0,0
0.026,0.249,8.658,4.153,5.13,4.969,0,0,0
-0.103,0.505,8.533,2.275,6.802,2.954,0,0,0
-0.187,0.654,8.562,0.618,8.023,2.13,0,0,0
-0.299,0.711,8.67,-0.351,8.511,1.748,0,0,0
-0.539,0.627,8.531,-1.321,8.427,2.137,0,0,0
-0.592,0.604,8.725,-2.603,8.053,2.885,0,0,0
-0.635,0.548,8.72,-3.664,8.038,3.603,0,0,0
-0.594,0.525,8.866,-4.87,9.374,3.855,0,0,0
-0.541,0.362,8.912,-5.435,11.13,3.679,0,0,0
-0.369,0.307,8.969,-5.534,13.229,2.244,0,0,0
-0.338,0.254,9.012,-4.954,14.824,0.656,0,0,0
-0.381,0.168,9.132,-4.275,15.389,-1.496,0,0,0
-0.491,0.24,9.084,-3.908,14.87,-3.099,0,0,0
-0.62,0.309,9.118,-4.183,13.389,-3.924,0,0,0
-1.011,0.319,9.18,-4.71,11.206,-4.252,0,0,0
-1.214,0.249,9.285,-5.718,8.847,-3.702,0,0,0
-1.346,0.275,9.36,-7.13,7.076,-2.542,0,0,0
-1.384,0.218,9.386,-8.458,6.191,-1.168,0,0,0
-1.36,0.249,9.475,-9.336,6.534,-0.099,0,0,0
-1.233,0.223,9.654,-9.786,7.725,0.809,0,0,0
-1.032,0.196,9.748,-9.664,8.893,1.244,0,0,0
-0.838,0.148,9.925,-9.038,9.672,1.641,0,0,0
-0.757,0.148,10.011,-7.748,10.344,0.87,0,0,0
-0.618,0.163,9.918,-6.344,10.183,-0.435,0,0,0
-0.668,0.295,9.954,-5.321,9.313,-1.809,0,0,0
-0.778,0.462,9.987,-5.13,7.985,-2.366,0,0,0
-1.061,0.467,10.016,-5.137,6,-2.137,0,0,0
-1.214,0.307,9.956,-5.748,3.992,-1.275,0,0,0
-1.284,0.069,10.107,-6.496,2.763,-0.221,0,0,0
-1.334,0.06,10.176,-7.42,3.557,0.282,0,0,0
-1.346,0.046,10.303,-8.13,5,0.779,0,0,0
-1.3,-0.01,10.564,-8.504,7.802,0.87,0,0,0
-1.315,-0.153,10.672,-8.221,9.855,0.855,0,0,0
-1.265,-0.247,10.852,-7.45,11.443,0.916,0,0,0
-1.154,-0.062,10.95,-6.893,11.603,0.74,0,0,0
-1.2,0.012,11.096,-6.198,11.595,0.366,0,0,0
-1.188,0.019,11.225,-4.733,9.626,-0.473,0,0,0
-1.238,-0.069,11.235,-3.282,6.107,-0.847,0,0,0
-1.308,-0.084,11.211,-2.153,2.008,-0.328,0,0,0
-1.399,-0.038,11.194,-1.679,-1.397,0.336,0,0,0
-1.413,-0.125,11.012,-1.855,-4.771,0.824,0,0,0
-1.468,-0.256,10.94,-2.611,-7.374,1.122,0,0,0
-1.499,-0.251,11.034,-3.351,-8.366,1.382,0,0,0
-1.502,-0.256,10.902,-4.435,-9.489,1.458,0,0,0
-1.492,-0.273,11.122,-5.107,-9.817,1.771,0,0,0
-1.413,-0.354,11.295,-4.695,-8.87,1.679,0,0,0
-1.444,-0.395,11.487,-3.214,-7.298,1.679,0,0,0
-1.497,-0.4,11.594,-1.191,-5.405,1.786,0,0,0
-1.511,-0.35,11.36,1.359,-4.969,2.351,0,0,0
-1.506,-0.419,11.396,3.527,-4.145,3.679,0,0,0
-1.516,-0.45,11.379,5.023,-3.824,4.748,0,0,0
-1.557,-0.56,11.319,6.137,-3.542,5.481,0,0,0
-1.554,-0.625,11.348,6.573,-2.687,5.908,0,0,0
-1.499,-0.742,11.283,7.076,-1.427,6.107,0,0,0
-1.451,-0.692,11.34,8.26,-0.305,6.13,0,0,0
-1.418,-0.752,11.271,10.137,0.664,6.237,0,0,0
-1.425,-0.733,11.175,12.595,0.87,6.267,0,0,0
-1.389,-0.723,11.079,15.122,2.26,6.435,0,0,0
-1.494,-0.716,10.897,17.237,3.099,6.725,0,0,0
-1.38,-0.716,10.787,18.977,2.443,7.13,0,0,0
-1.461,-0.69,10.634,20.786,1.29,7.282,0,0,0
-1.408,-0.56,10.418,22.26,-1.595,7.771,0,0,0
-1.53,-0.527,10.186,23.176,-5.511,8.511,0,0,0
-1.277,-0.589,9.915,24.061,-9.893,9.863,0,0,0
-1.226,-0.577,9.544,24.588,-12.466,10.687,0,0,0
-1.032,-0.668,9.228,24.832,-14.038,10.389,0,0,0
-0.939,-0.711,9.072,24.779,-13.611,9.198,0,0,0
-0.855,-0.616,8.668,24.824,-12.534,8.092,0,0,0
-0.74,-0.563,8.469,24.42,-10.313,7.168,0,0,0
-0.757,-0.513,8.325,24.237,-7.206,6.748,0,0,0
-0.766,-0.398,8.038,23.664,-3.878,6.275,0,0,0
-0.819,-0.41,7.827,23.115,-1.412,6.466,0,0,0
-0.826,-0.34,7.647,21.824,-0.527,6.802,0,0,0
-0.776,-0.184,7.506,19.527,-0.519,7.756,0,0,0
-0.716,-0.199,7.381,16.695,-0.298,8.13,0,0,0
-0.474,-0.117,7.125,13.969,0.099,7.931,0,0,0
-0.4,-0.148,7.12,11.855,0.809,7.473,0,0,0
-0.383,-0.036,7.271,10.191,0.542,6.863,0,0,0
-0.431,0.014,7.278,8,0.389,6.313,0,0,0
-0.211,0.113,7.367,5.908,0.832,5.389,0,0,0
-0.139,-0.005,7.29,4.221,1.481,3.893,0,0,0
-0.125,0.065,7.324,2.473,2.504,2.16,0,0,0
-0.134,0.024,7.312,0.786,3.702,0.58,0,0,0
-0.259,0.163,7.341,-0.893,3.679,-0.42,0,0,0
-0.422,0.137,7.446,-2.809,3.092,-1.084,0,0,0
-0.51,0.228,7.544,-4.405,2.626,-0.939,0,0,0
-0.587,0.225,7.607,-6.42,0.969,-0.42,0,0,0
-0.649,0.304,7.722,-7.832,-1.771,0.496,0,0,0
-0.649,0.342,7.877,-9.023,-6.031,1.595,0,0,0
-0.627,0.268,8.004,-9.489,-9.832,2.504,0,0,0
-0.589,0.153,8.126,-9.519,-12.992,2.817,0,0,0
-0.577,0.105,8.145,-9.405,-14.687,2.565,0,0,0
-0.594,0.048,8.215,-9.427,-15,2.359,0,0,0
-0.582,0.036,8.282,-9.45,-14.756,1.84,0,0,0
-0.75,-0.096,8.498,-9.397,-15.031,1.519,0,0,0
-0.833,-0.12,8.481,-8.977,-17.824,1.649,0,0,0
-1.023,0.005,8.548,-8.351,-24.489,2.489,0,0,0
-1.255,0.163,8.507,-8.26,-35.55,3.924,0,0,0
-1.363,-0.029,8.601,-9.794,-50.427,4.855,0,0,0
-1.334,-0.139,8.708,-12.702,-63.725,6.779,0,0,0
-1.324,-0.223,8.708,-16.29,-74.611,8.863,0,0,0
-1.219,-0.374,8.747,-20.198,-85.45,10.779,0,0,0
-1.023,-0.407,8.933,-22.557,-92.221,11.832,0,0,0
-0.747,-0.572,9.106,-23.893,-96.756,11.748,0,0,0
-0.477,-0.654,9.412,-23.534,-99.977,10.771,0,0,0
-0.453,-0.587,9.863,-22.092,-106.687,10.153,0,0,0
-0.742,-0.414,10.461,-21.695,-126.305,10.298,0,0,0
-0.728,-0.18,10.495,-22.084,-156.618,11.405,0,0,0
-0.558,-0.228,10.629,-21.618,-186.618,13.481,0,0,0
-0.247,-0.479,10.624,-20.847,-221.618,16.267,0,0,0
-0.081,-0.742,10.409,-20.656,-250.137,17.145,0,0,0
0.874,-1.166,9.7,-15.076,-250.137,17.298,0,0,0
1.739,-1.322,9.479,-7.244,-250.137,16,0,0,0
2.316,-1.533,9.669,1.634,-250.137,13.336,0,0,0
2.927,-1.226,9.966,10.58,-250.137,8.969,0,0,0
2.805,-0.719,10.061,17.26,-250.137,5.542,0,0,0
2.309,-0.292,10.133,23.344,-250.137,4.137,0,0,0
2.29,-0.232,10.224,29.847,-250.137,4.832,0,0,0
1.952,-0.338,10.22,37.405,-250.137,6.099,0,0,0
1.825,-0.05,9.767,49.45,-250.137,9.099,0,0,0
2.194,0.263,9.611,60.878,-250.137,14.115,0,0,0
2.869,0.41,9.367,72.664,-250.137,20.214,0,0,0
3.399,0.481,8.665,82.733,-250.137,24.702,0,0,0
3.882,0.323,7.966,89.931,-250.137,27.183,0,0,0
4.759,0.055,7.393,93.328,-250.137,28.748,0,0,0
5.341,-0.206,6.419,92.794,-250.137,28.664,0,0,0
5.839,-0.263,5.657,87.947,-250.137,27.145,0,0,0
6.196,-0.091,5.061,80.435,-250.137,25.305,0,0,0
6.354,-0.053,4.618,71.42,-250.137,24.84,0,0,0
6.323,0.026,4.392,61.748,-250.137,25.634,0,0,0
6.704,0.254,4.469,52.45,-250.137,26.954,0,0,0
7.312,0.735,4.613,42.366,-250.137,28.672,0,0,0
7.609,1.123,5.077,35.038,-233.435,28.435,0,0,0
7.937,1.075,5.327,30.229,-204.901,25.969,0,0,0
8.347,0.929,5.755,28.229,-175.824,22.443,0,0,0
8.433,0.795,5.87,29.779,-153.168,18.221,0,0,0
8.078,0.534,5.703,33.771,-140.939,14.214,0,0,0
7.901,0.228,5.386,38.282,-137.176,12.427,0,0,0
7.93,0.127,4.948,41.87,-138.794,13.534,0,0,0
7.908,0.194,4.622,41.611,-141.771,15.489,0,0,0
8.332,0.333,4.225,38.702,-141.779,17.313,0,0,0
8.658,0.529,3.849,34.053,-136.473,17.359,0,0,0
8.967,0.963,3.698,27.252,-126.008,16.336,0,0,0
9.115,0.992,3.549,19.023,-113.893,15.618,0,0,0
8.83,0.877,3.585,10.71,-98.069,15.221,0,0,0
8.66,0.783,3.408,2.725,-82.489,15.733,0,0,0
8.493,0.881,3.475,-1.733,-73.847,16.84,0,0,0
8.387,0.814,3.739,-5.832,-67.107,18.71,0,0,0
8.414,0.742,4.012,-8.573,-63.13,22.214,0,0,0
8.653,0.75,4.347,-8.183,-60.511,25.626,0,0,0
9.264,0.23,4.618,-6.015,-61.45,25.466,0,0,0
9.774,0.752,4.548,-1.305,-58.679,23.504,0,0,0
10.023,0.216,4.5,3.137,-56.107,18.763,0,0,0
10.205,0.278,4.218,6.076,-48.924,13.229,0,0,0
9.796,0.565,3.818,6.931,-39.794,9.557,0,0,0
9.281,0.627,3.473,6.015,-32.099,7.832,0,0,0
9.02,1.756,3.085,4.519,-20.511,10.443,0,0,0
8.802,0.127,2.675,2.794,-3.588,8.214,0,0,0
9.29,0.328,2.076,-0.015,21.359,7,0,0,0
9.362,0.965,2.148,-4.137,48.16,6.924,0,0,0
9.532,1.097,2.177,-11.687,73.031,6.634,0,0,0
9.669,0.637,2.165,-19.359,94.45,4.756,0,0,0
9.76,0.359,2.464,-24.405,109.985,3.244,0,0,0
9.796,0.374,2.886,-28.511,126.481,1.382,0,0,0
9.827,0.366,3.42,-31.634,144.71,-0.84,0,0,0
9.812,0.39,3.868,-33.786,162.702,-3.863,0,0,0
9.458,0.254,4.112,-34.489,180.611,-7.176,0,0,0
9.269,0.244,4.163,-32.626,197.847,-9.878,0,0,0
9.106,0.101,4.103,-30.183,216.748,-12.237,0,0,0
9.044,0.057,4.304,-29.313,236.328,-15.321,0,0,0
8.979,0.163,4.402,-30.473,250.13,-18.634,0,0,0
8.862,0.125,4.44,-34.031,250.13,-21.595,0,0,0
8.43,0.014,4.74,-37.733,250.13,-22.977,0,0,0
8.004,-0.139,5.135,-41.435,250.13,-20.962,0,0,0
7.367,-0.453,5.657,-43.763,250.13,-17.908,0,0,0
7.077,-0.513,5.954,-41.115,250.13,-16.603,0,0,0
6.514,-0.69,5.851,-20.237,250.13,-18.565,0,0,0
6.735,-0.06,7.01,0.092,250.13,-21.321,0,0,0
7.769,0.199,6.593,15.397,250.13,-28.489,0,0,0
8.258,-0.141,6.136,25.626,250.13,-35.748,0,0,0
7.46,-0.105,6.519,30.275,250.13,-43.053,0,0,0
6.378,-0.014,6.778,30.26,250.13,-50.573,0,0,0
5.671,0.125,6.459,26.405,250.13,-56.542,0,0,0
4.503,0.278,6.641,19.244,250.13,-60.939,0,0,0
3.878,0.278,6.668,8.626,250.13,-64.405,0,0,0
3.169,0.259,6.716,-1,250.13,-65.962,0,0,0
2.079,0.347,6.874,-9.366,250.13,-66.71,0,0,0
0.992,0.412,7.022,-15.977,250.13,-66.702,0,0,0
1.973,-0.824,5.504,-11.969,250.13,-68.71,0,0,0
0.92,-0.213,7.513,-4.397,250.13,-65.702,0,0,0
-1.753,1.006,7.918,-9.023,250.13,-68.534,0,0,0
-3.099,1.511,7.48,-18.099,250.13,-70.412,0,0,0
-2.908,1.037,7.008,-27.206,250.13,-65.092,0,0,0
-3.315,0.606,6.977,-35.649,250.13,-58.985,0,0,0
-3.468,0.498,7.295,-44.053,250.13,-54.412,0,0,0
-3.715,0.266,8.119,-48.13,250.13,-52.023,0,0,0
-3.878,0.297,9.185,-49.382,250.13,-50.763,0,0,0
-4.345,0.259,9.745,-47.366,250.13,-48.924,0,0,0
-5.133,0.261,9.947,-44.878,250.13,-45.565,0,0,0
-5.521,0.103,9.875,-42.198,250.13,-40.771,0,0,0
-5.736,0.046,9.611,-39.305,250.13,-35.427,0,0,0
-5.779,-0.172,9.288,-36.863,250.13,-32.588,0,0,0
-5.806,-0.493,8.725,-33.71,250.13,-31.55,0,0,0
-5.782,-1.214,8.265,-28.794,250.13,-34.176,0,0,0
-6.493,-0.254,7.875,-29.183,250.13,-35.229,0,0,0
-7.187,0.101,7.738,-32.519,250.13,-34.519,0,0,0
-7.714,-0.225,7.441,-37.847,250.13,-31.115,0,0,0
-8.124,-0.263,7.118,-42.84,250.13,-27.84,0,0,0
-8.234,-0.433,7.149,-45.511,250.13,-23.832,0,0,0
-8.256,-0.457,7.231,-45.038,250.13,-19.763,0,0,0
-8.248,-0.405,7.017,-43.214,229.878,-16.443,0,0,0
-8.112,-0.553,6.869,-40.649,205.137,-14.519,0,0,0
-7.774,-0.584,6.395,-37.519,182.16,-13.122,0,0,0
-7.525,-0.965,6.122,-34.725,156.527,-12.779,0,0,0
-7.815,-0.821,6.055,-35.076,130.588,-13.107,0,0,0
-8.217,-0.536,6.249,-38.374,97.985,-13.809,0,0,0
-8.486,-0.565,6.407,-41.061,71.42,-13.763,0,0,0
-8.603,-0.539,6.502,-41.26,49.389,-12.038,0,0,0
-8.569,-0.632,6.426,-36.969,30.244,-9.473,0,0,0
-8.512,-0.776,6.431,-30.244,17.679,-8.168,0,0,0
-8.342,-0.719,6.32,-23.939,8.092,-7.511,0,0,0
-8.474,-0.786,6.119,-19.267,0.221,-7.466,0,0,0
-8.545,-0.805,5.932,-16.244,-7.214,-8.084,0,0,0
-8.457,-0.735,5.774,-14.397,-15.435,-8.695,0,0,0
-8.299,-0.769,5.676,-13.321,-27.924,-9.45,0,0,0
-8.275,-0.695,5.518,-13.328,-41.924,-10.618,0,0,0
-8.246,-0.654,5.317,-14.725,-57.412,-11.878,0,0,0
-8.126,-0.733,5.271,-17.74,-77.374,-13.29,0,0,0
-7.973,-0.623,5.327,-21.443,-94.641,-14.427,0,0,0
-7.607,-0.522,5.279,-25.481,-110.779,-16.321,0,0,0
-7.451,-0.671,5.437,-27.985,-116.45,-18.74,0,0,0
-7.41,-1.068,5.643,-28.916,-122.191,-21.779,0,0,0
-7.427,-1.272,5.786,-28.794,-127.527,-23.672,0,0,0
-7.463,-1.013,5.937,-28.473,-134.328,-26.221,0,0,0
-7.223,-0.819,5.844,-29.267,-140.328,-29.122,0,0,0
-7.037,-0.762,5.877,-31.656,-148.366,-32.74,0,0,0
-6.95,-0.716,5.92,-35.275,-157.802,-35.466,0,0,0
-7.065,-0.723,6.129,-40.679,-172.344,-38.038,0,0,0
-6.972,-0.73,6.306,-46.092,-185.634,-39.969,0,0,0
-6.878,-0.831,6.538,-53.214,-197.847,-41.931,0,0,0
-6.826,-1.059,6.696,-58.351,-204.443,-43.992,0,0,0
-6.644,-1.329,6.876,-62.061,-206.214,-46.366,0,0,0
-6.239,-1.392,7.173,-62.939,-203.588,-48.542,0,0,0
-5.695,-1.562,7.547,-62.008,-204.183,-51.855,0,0,0
-5.133,-1.588,7.69,-61.664,-212.023,-54.84,0,0,0
-4.469,-1.775,7.975,-63.168,-234.71,-59.382,0,0,0
-4.256,-1.935,7.987,-67.397,-250.137,-65.466,0,0,0
-4.158,-1.835,7.837,-77.878,-250.137,-72.863,0,0,0
-4.062,-1.985,7.757,-90.542,-250.137,-78.611,0,0,0
-4.103,-2.318,7.817,-104.969,-250.137,-83.527,0,0,0
-4.055,-2.376,7.635,-114.214,-250.137,-85.718,0,0,0
-3.988,-2.558,7.573,-119.748,-250.137,-86.908,0,0,0
-3.971,-2.951,7.492,-121.198,-250.137,-86.901,0,0,0
-3.863,-3.056,7.528,-121.466,-250.137,-87.015,0,0,0
-3.854,-3.224,7.65,-120.687,-222.435,-86.481,0,0,0
-4.268,-2.84,8.011,-119.58,-184.756,-81.321,0,0,0
-4.33,-2.663,8.572,-117.588,-152.489,-74.336,0,0,0
-3.969,-2.579,9.142,-111.969,-128.679,-65.687,0,0,0
-3.564,-2.541,9.585,-105.176,-118.794,-58.145,0,0,0
-3.126,-2.726,9.779,-96.573,-114.16,-51.069,0,0,0
-2.654,-3.011,9.913,-89.771,-110.832,-47.176,0,0,0
-2.259,-3.126,9.829,-82.824,-110.641,-43.74,0,0,0
-1.923,-3.233,9.764,-77.496,-109.634,-41.153,0,0,0
-1.813,-3.422,9.805,-70.878,-102.962,-39.496,0,0,0
-1.962,-3.703,9.901,-62.687,-93.786,-39.015,0,0,0
-2.175,-3.913,9.99,-54.863,-83.893,-37.901,0,0,0
-2.275,-4.036,10.093,-46.87,-72.473,-35.435,0,0,0
-2.323,-4.091,10.107,-37.168,-57.969,-31.214,0,0,0
-2.421,-4.246,9.985,-28.038,-45.542,-26.489,0,0,0
-2.429,-4.227,9.554,-17.55,-33.313,-20.763,0,0,0
-2.407,-4.069,9.099,-10.489,-24.511,-15.336,0,0,0
-2.184,-4.261,8.545,-5.672,-14.038,-8.931,0,0,0
-2.045,-4.186,8.047,-4.481,-6.939,-3.328,0,0,0
-1.722,-3.981,7.71,-5.145,-1.42,0.977,0,0,0
-1.219,-3.909,7.484,-6.58,3.542,4.107,0,0,0
-0.898,-3.909,7.559,-7.779,7.092,6.298,0,0,0
-0.534,-4.117,7.513,-8.397,9.183,7.496,0,0,0
-0.108,-4.352,7.551,-7.87,11.015,8.26,0,0,0
0.273,-4.419,7.456,-7.145,11.748,7.87,0,0,0
0.484,-4.543,7.381,-6.908,11.87,6.466,0,0,0
0.544,-4.656,7.233,-7.427,10.626,3.939,0,0,0
0.532,-4.742,7.008,-9.626,7.939,0.191,0,0,0
0.465,-4.613,6.934,-13.611,4.183,-3.679,0,0,0
0.237,-4.445,6.905,-18.565,0.015,-6.412,0,0,0
-0.079,-4.292,6.953,-23.015,-3.084,-8.092,0,0,0
-0.273,-4.244,7.183,-26.565,-5.076,-8.305,0,0,0
-0.354,-4.256,7.312,-28.55,-5.87,-7.687,0,0,0
-0.441,-4.321,7.41,-28.344,-4.443,-6.183,0,0,0
-0.462,-4.455,7.374,-27.229,-0.992,-4.649,0,0,0
-0.34,-4.51,7.346,-25.779,4.702,-3.718,0,0,0
-0.316,-4.563,7.257,-24.87,10.618,-3.954,0,0,0
-0.35,-4.56,7.168,-25.496,16.489,-4.931,0,0,0
-0.472,-4.622,7.065,-27.519,21.412,-6.13,0,0,0
-0.575,-4.682,6.996,-29.542,23.763,-6.351,0,0,0
-0.699,-4.704,7.089,-31.588,23.641,-5.084,0,0,0
-0.747,-4.637,7.298,-33.336,21.687,-3.527,0,0,0
-0.721,-4.613,7.487,-34.588,18.237,-2.458,0,0,0
-0.623,-4.862,7.796,-35.176,13.412,-1.924,0,0,0
-0.572,-5.001,7.935,-34.244,9.191,-2.504,0,0,0
-0.52,-5.053,8.086,-32.244,4.901,-3.832,0,0,0
-0.541,-5.104,8.38,-29.969,1.282,-4.916,0,0,0
-0.74,-5.118,8.742,-26.748,-2.527,-5.977,0,0,0
-1.152,-5.065,9.223,-22.71,-7.626,-6.275,0,0,0
-1.586,-4.912,9.975,-17.221,-13.779,-5.061,0,0,0
-1.909,-4.663,10.648,-7.252,-20.427,-1.519,0,0,0
-2.009,-4.572,11.398,5.061,-24.695,2.313,0,0,0
-2.103,-4.546,11.858,20.481,-27.382,6.191,0,0,0
-1.758,-4.845,12.351,38.878,-26.687,9.611,0,0,0
-1.413,-5.362,12.385,63.267,-19.931,12.84,0,0,0
-1.178,-5.676,12.08,85.046,-14.527,13.275,0,0,0
-1.073,-6.143,11.786,103.55,-13.191,11.168,0,0,0
-0.855,-6.258,10.938,119.634,-9.511,9.977,0,0,0
-0.776,-5.978,10.414,130.069,-9.267,9.809,0,0,0
-1.049,-5.544,10.133,138.206,-12.313,9.641,0,0,0
-1.339,-4.845,10.21,145.756,-16.656,10.229,0,0,0
-1.576,-4.462,10.564,156.527,-20.748,13.168,0,0,0
-1.866,-4.06,11.357,168.206,-24.977,17.977,0,0,0
-1.894,-3.502,12.229,185.794,-25.641,24.229,0,0,0
-1.547,-3.355,12.591,206.489,-21.878,29.359,0,0,0
-0.965,-4.131,12.411,237.023,-10.748,32,0,0,0
-0.369,-4.426,11.601,250.13,1.328,29.817,0,0,0
0.419,-4.862,10.406,250.13,15.084,26.29,0,0,0
0.627,-5.336,8.993,250.13,25.802,22.397,0,0,0
0.424,-5.813,7.566,250.13,29.656,19.847,0,0,0
-0.081,-5.822,6.05,250.13,25.725,20.511,0,0,0
-0.395,-4.871,4.934,250.13,16.328,22.26,0,0,0
-0.956,-3.487,4.213,250.13,0.534,23.939,0,0,0
-1.619,-2.179,4.167,250.13,-20.664,25.397,0,0,0
-2.074,-1.933,4.68,239.863,-50.298,27.565,0,0,0
-1.078,-1.255,5.468,222.733,-61.969,29.084,0,0,0
-0.35,-1.279,6.067,208.328,-64.824,28.198,0,0,0
0.283,-1.49,6.155,196.336,-64.252,23.733,0,0,0
0.419,-1.509,5.806,191.649,-61.466,17.412,0,0,0
0.62,-1.432,5.391,188.053,-60.069,12.565,0,0,0
0.505,-0.704,5.001,182.443,-62.924,10.496,0,0,0
-0.362,0.378,4.761,174.031,-73.916,9.939,0,0,0
-0.762,1.382,4.78,159.168,-88.443,10.802,0,0,0
-1.188,2.086,4.661,142.389,-98.427,11.992,0,0,0
-1.471,2.807,5.178,122.962,-98.489,14.687,0,0,0
-1.538,3.331,5.54,102.496,-87.87,19,0,0,0
-1.392,3.339,6.083,80.275,-69.183,24.298,0,0,0
-1.066,2.8,6.797,67.069,-53.282,26.344,0,0,0
-0.201,2.46,7.386,59.405,-39.122,25.221,0,0,0
0.491,2.723,7.951,51.817,-32.656,22.626,0,0,0
1.344,2.012,8.064,46.374,-19.863,21,0,0,0
1.571,1.31,8.653,42.939,-14.695,22.824,0,0,0
0.936,1.612,9.027,39.351,-28.733,23.954,0,0,0
0.268,2.395,9.372,32.26,-56.847,22.542,0,0,0
-0.189,3.123,9.994,20.443,-87.893,21.595,0,0,0
-0.307,3.466,10.232,7.145,-109.878,23.58,0,0,0
-0.23,3.588,10.562,-3.168,-111.267,27.267,0,0,0
-0.026,3.513,10.893,-8.794,-101.985,30.397,0,0,0
0.302,3.528,11.087,-7.908,-85.489,31.779,0,0,0
0.702,3.391,11.355,-3.809,-65.443,32.603,0,0,0
1.212,2.819,11.606,3.443,-41.183,30.611,0,0,0
2.038,2.754,12.176,10.626,-22.099,28.229,0,0,0
2.172,2.922,12.507,18.45,-10.71,24.45,0,0,0
1.95,2.96,12.65,23.824,-16.466,22.305,0,0,0
1.636,3.001,12.456,26.313,-32.145,21.634,0,0,0
1.162,3.169,12.251,25.427,-52.969,22.901,0,0,0
0.802,3.566,12.059,21.359,-73.176,26.328,0,0,0
0.8,3.765,11.683,17.084,-86.237,30.565,0,0,0
1.047,3.59,11.407,14.718,-91.573,34.58,0,0,0
1.442,3.454,11.266,14.321,-88.901,37.237,0,0,0
1.593,3.475,11.558,14.672,-85.435,38.198,0,0,0
1.581,3.66,11.503,15.267,-86.389,39.427,0,0,0
1.521,3.133,11.163,16.038,-89.649,41.527,0,0,0
1.449,2.738,10.581,17.252,-93.908,45.298,0,0,0
1.212,2.814,10.246,16.832,-97.176,49.45,0,0,0
0.498,3.195,9.702,14.015,-98.053,54,0,0,0
-0.172,3.279,9.166,10.786,-95.634,60.244,0,0,0
-0.771,3.123,8.857,6.389,-91.107,72.031,0,0,0
-0.977,3.087,8.304,3.679,-88.107,83.58,0,0,0
-0.163,2.819,7.942,2.366,-83.916,94.824,0,0,0
1.772,1.978,7.875,2.832,-81.328,104.145,0,0,0
3.226,0.989,7.88,2.687,-87.458,107.687,0,0,0
3.832,0.807,7.837,0.13,-103.29,106.069,0,0,0
3.65,1.514,7.789,-4.412,-126.794,102.13,0,0,0
3.238,1.938,7.87,-10.931,-149.351,98.908,0,0,0
2.819,1.782,7.769,-16.481,-161.588,98.191,0,0,0
2.951,1.207,7.585,-20.885,-156.015,100.542,0,0,0
3.537,0.91,7.463,-22.908,-138.962,103.794,0,0,0
4.349,0.86,7.039,-24.374,-108.802,105.275,0,0,0
5.394,0.321,6.57,-23.855,-66.084,100.885,0,0,0
6.189,-0.081,6.047,-22.351,-26.489,89.641,0,0,0
7.334,-0.005,5.532,-22.87,16.046,71.107,0,0,0
8.292,0.656,5.075,-25.901,65.321,48.084,0,0,0
8.392,1.054,4.886,-30.763,119.366,24.115,0,0,0
7.791,1.121,4.735,-37.954,167.832,1.267,0,0,0
6.864,0.975,4.586,-47.191,205.664,-17.534,0,0,0
5.88,0.924,4.333,-57.878,236.366,-31.473,0,0,0
5.803,0.881,3.77,-66.756,250.13,-36.687,0,0,0
4.821,1.02,4.428,-67.649,250.13,-37.611,0,0,0
3.552,1.186,5.487,-66.107,250.13,-40.855,0,0,0
2.448,0.836,6.241,-64.687,250.13,-48.038,0,0,0
1.935,0.742,7.005,-64.939,250.13,-58.473,0,0,0
1.533,1.039,8.045,-64.519,250.13,-66.725,0,0,0
0.802,1.521,8.651,-61.092,250.13,-73.328,0,0,0
0.678,2.041,8.852,-54.763,250.13,-77.229,0,0,0
0.307,2.244,9.257,-46.374,250.13,-78.885,0,0,0
-0.455,2.479,9.52,-40.924,250.13,-79.305,0,0,0
-0.74,2.646,9.446,-39.366,250.13,-79.137,0,0,0
-0.788,2.314,8.936,-40.252,250.13,-79.672,0,0,0
-0.848,1.526,8.141,-39.076,250.13,-83.176,0,0,0
-0.984,1.102,8.035,-38.916,250.13,-87.588,0,0,0
-1.504,0.908,8.059,-41.473,250.13,-93.427,0,0,0
-2.23,0.843,8.026,-45.191,250.13,-99.84,0,0,0
-2.606,1.073,8.327,-48.878,250.13,-104,0,0,0
-3.315,1.827,9.017,-54.267,250.13,-106.16,0,0,0
-4.019,2.144,9.446,-60.809,250.13,-105.687,0,0,0
-4.287,1.844,9.532,-63.947,250.13,-102.267,0,0,0
-4.416,1.43,9.489,-62.229,245.206,-96.931,0,0,0
-4.711,1.243,9.544,-58.595,217.366,-92.634,0,0,0
-4.864,1.104,9.379,-54.779,191.023,-87.718,0,0,0
-4.922,0.932,9.091,-51.206,161.229,-82.779,0,0,0
-5.202,1.004,9.288,-50.176,133.046,-79.771,0,0,0
-5.897,1.068,9.554,-51.084,103.374,-77.122,0,0,0
-6.136,0.62,9.867,-51.672,71.42,-73.962,0,0,0
-6.021,0.467,9.832,-50.16,49.969,-71.053,0,0,0
-6.162,0.711,9.982,-46.435,33.939,-68.183,0,0,0
-6.68,0.783,10.184,-41.298,19.908,-64.405,0,0,0
-7.14,0.517,10.129,-34.809,4.87,-57.466,0,0,0
-6.953,0.405,9.932,-28.656,-3.458,-50.916,0,0,0
-6.519,0.352,9.578,-23.351,-3.496,-46.573,0,0,0
-5.944,0.048,9.429,-18.008,4.542,-45.244,0,0,0
-5.532,-0.28,9.18,-12.366,14.313,-46.015,0,0,0
-5.305,-0.347,8.917,-5.809,24.214,-47.947,0,0,0
-5.238,-0.323,8.608,-1.626,31.992,-49.466,0,0,0
-5.252,-0.249,8.205,1.038,37.718,-50.046,0,0,0
-5.391,-0.007,7.99,1.687,38.695,-49.45,0,0,0
-5.473,0.132,7.916,0.237,34.168,-47.702,0,0,0
-5.544,0.266,7.707,-2.557,25.061,-45.328,0,0,0
-5.736,0.295,7.683,-6.076,10.718,-42.313,0,0,0
-5.76,0.134,7.729,-9.092,-1.901,-39.496,0,0,0
-5.755,0.05,7.662,-10.702,-14.053,-36.718,0,0,0
-5.738,-0.041,7.774,-11.573,-25.069,-33.649,0,0,0
-5.645,-0.314,7.894,-11.336,-37.191,-30.641,0,0,0
-5.453,-0.644,7.829,-10.931,-51.58,-27.641,0,0,0
-5.14,-1.133,7.678,-10.718,-61.565,-25.137,0,0,0
-4.836,-1.447,7.343,-12.74,-71.076,-23.031,0,0,0
-4.639,-1.392,7.013,-17.366,-79.885,-23.817,0,0,0
-4.687,-1.368,6.917,-24.053,-89.817,-27.038,0,0,0
-5.082,-1.281,7.362,-33.847,-102.458,-31.634,0,0,0
-5.461,-1.049,7.724,-43.229,-112.053,-33.702,0,0,0
-5.877,-0.992,8.064,-52.16,-121.137,-33.534,0,0,0
-6.088,-1.078,8.668,-56.115,-130.298,-30.458,0,0,0
-6.292,-1.008,8.967,-55.84,-141.183,-24.389,0,0,0
-6.086,-1.13,8.83,-51.229,-148.931,-17.45,0,0,0
-6.021,-1.09,8.727,-43.962,-158.435,-8.962,0,0,0
-5.829,-1.085,8.486,-38.496,-165.771,-1.977,0,0,0
-5.523,-1.202,8.019,-34.084,-172.031,6.191,0,0,0
-5.276,-1.308,7.688,-31.931,-175.718,12.573,0,0,0
-5.207,-1.224,7.456,-31.595,-180.45,18.817,0,0,0
-5.24,-1.13,7.209,-32.802,-187.824,27.237,0,0,0
-4.615,-0.786,7.147,-36.206,-189.634,36.771,0,0,0
-4.481,-1.509,7.175,-41.321,-189.023,49.504,0,0,0
-4.057,-1.988,7.204,-44.87,-182.382,59.244,0,0,0
-3.775,-2.431,7.496,-49.176,-181.74,63.786,0,0,0
-3.866,-1.43,7.504,-51.443,-182.649,64.183,0,0,0
-3.715,-1.051,8.277,-50.794,-183.298,62.878,0,0,0
-2.972,-1.195,8.883,-49.298,-194.313,62.481,0,0,0
-2.702,-1.092,8.921,-47.489,-215.954,63.756,0,0,0
-1.945,-1.935,8.565,-45.137,-247.824,63.908,0,0,0
-1.624,-2.817,9.247,-45.099,-250.137,61.855,0,0,0
-0.659,-3.42,9.029,-45.824,-250.137,57.695,0,0,0
-0.383,-3.614,9.07,-48.557,-250.137,51.748,0,0,0
-0.153,-3.856,9.08,-51.702,-250.137,44.748,0,0,0
0,-3.422,9.441,-56.481,-250.137,36.977,0,0,0
-0.014,-2.723,9.767,-61.229,-250.137,31.069,0,0,0
0.024,-2.146,10.1,-64.55,-250.137,26.557,0,0,0
0.299,-1.959,10.533,-64.725,-250.137,22.382,0,0,0
0.374,-2.208,11.106,-64.496,-250.137,19.053,0,0,0
0.565,-2.687,10.428,-63.763,-206.58,11.977,0,0,0
2.996,-7.571,19.619,21.084,-79.58,5.58,0,0,0
-2.67,-0.747,7.801,35.382,-138.397,-9.786,0,0,0
-0.398,-3.748,8.723,42.496,-146.962,-13.893,0,0,0
1.162,-4.182,8.938,44.221,-128.13,-8.656,0,0,0
1.341,-3.375,7.846,44.634,-110.282,-2.443,0,0,0
0.62,-2.596,6.811,48.16,-99.603,0.893,0,0,0
0.563,-2.472,6.852,53.16,-98.45,2.855,0,0,0
0.992,-2.706,7.084,58.679,-94.382,2.779,0,0,0
1.26,-2.656,7.216,63.817,-86.313,2.748,0,0,0
1.442,-2.326,7.422,68.763,-77.962,0.145,0,0,0
1.483,-2.275,7.741,72.611,-67.573,-4.443,0,0,0
1.859,-2.146,7.966,75.794,-51.191,-10.412,0,0,0
2.223,-1.957,8.373,77.221,-34.924,-13.672,0,0,0
2.33,-1.236,8.852,75.092,-22.969,-14.534,0,0,0
2.864,-1.748,8.174,75.908,0.954,-17.718,0,0,0
3.116,-2.371,8.397,78.847,16.824,-18.084,0,0,0
3.427,-3.243,8.304,83.252,36.756,-15.847,0,0,0
3.36,-3.664,8.253,89.519,64.153,-9.893,0,0,0
2.891,-3.001,8.272,93.366,77.924,-3.878,0,0,0
2.697,-1.935,8.038,95.992,82.168,-0.656,0,0,0
2.742,-1.471,7.904,95.382,83.794,0.084,0,0,0
2.965,-1.442,7.525,91.885,88.863,-0.725,0,0,0
3.128,-1.962,7.281,86.351,98.16,-2.595,0,0,0
3.217,-1.99,7.298,82.328,110.084,-3.534,0,0,0
2.879,-1.715,7.293,77.008,115.198,-4.489,0,0,0
2.57,-1.09,7.281,69.458,113.405,-7.786,0,0,0
2.189,-0.599,7.52,59.29,107.962,-11.931,0,0,0
1.856,-0.328,7.561,47.466,102.84,-15.42,0,0,0
1.248,-0.137,7.939,35.412,99.458,-17.359,0,0,0
0.723,-0.101,8.383,22,100.817,-16.359,0,0,0
0.292,-0.285,9.044,13.137,103.191,-13.038,0,0,0
0.113,-0.587,9.618,9.023,103.718,-8.427,0,0,0
0.345,-0.965,10.023,9.282,104.458,-3.802,0,0,0
0.778,-1.3,10.33,13.153,106.695,-0.252,0,0,0
1.027,-1.238,10.505,18.412,109.611,1.389,0,0,0
1.061,-0.79,10.509,23.13,113.626,1.435,0,0,0
1.152,-0.41,10.351,28.718,119.634,1.015,0,0,0
1.03,-0.311,10.308,32.076,122.649,1.244,0,0,0
0.608,-0.256,10.303,32.969,123,1.214,0,0,0
0.424,-0.292,10.248,31.076,118.954,1.26,0,0,0
0.345,-0.189,10.426,26.786,112.885,1.237,0,0,0
0.601,-0.194,10.411,21.122,107.702,0.42,0,0,0
0.838,-0.328,10.572,15.435,102.908,-2.16,0,0,0
2.062,0.436,10.428,0.649,116.168,-4.939,0,0,0
-0.853,-1.667,8.989,-11.061,98.87,-13.55,0,0,0
1.104,-0.57,10.531,-17.496,93.832,-17.947,0,0,0
1.03,-0.074,10.538,-17.939,74.855,-20.878,0,0,0
0.56,0.321,10.675,-17.13,57.679,-21.305,0,0,0
0.35,0.457,10.49,-16.435,47.641,-20.573,0,0,0
0.036,0.522,10.222,-15.458,38.672,-19.435,0,0,0
-0.127,0.678,10.263,-17.206,30.511,-17.847,0,0,0
-0.036,0.632,9.774,-20.527,11.527,-16.901,0,0,0
0.584,0.287,9.69,-21.847,2.489,-17.611,0,0,0
1.214,0.175,9.585,-21.916,1.511,-20.802,0,0,0
1.574,-0.113,9.685,-21.153,5.687,-26.763,0,0,0
1.784,-0.366,9.468,-21.145,9.458,-35.038,0,0,0
1.851,0.034,9.252,-22.305,12.908,-42.359,0,0,0
1.528,0.347,8.569,-24.969,13.817,-48.183,0,0,0
0.898,0.568,8.407,-28.008,12.496,-50.939,0,0,0
0.766,1.023,8.042,-33.603,12.641,-50.885,0,0,0
1.411,2.148,7.832,-41.74,17.878,-50.802,0,0,0
1.53,1.554,7.71,-50.58,20.962,-51.885,0,0,0
1.413,0.627,8.033,-59.29,23.046,-53.885,0,0,0
2.093,0.881,9.875,-69.267,52.16,-57.824,0,0,0
0.086,0.096,11.079,-74.427,82.763,-65.924,0,0,0
6.615,2.606,-16.691,56.427,31.321,-23.931,0,0,0
-5.571,2.5,18.382,9.641,17.221,-37.565,0,0,0
-3.432,1.851,15.254,-15.557,-6.412,-49.542,0,0,0
3.274,0.831,5.267,-4.656,7.366,-38.412,0,0,0
1.032,0.077,9.386,-10.244,23.649,-36.137,0,0,0
-0.256,0.582,10.885,-13.649,31.183,-35.511,0,0,0
-0.481,1.025,9.731,-16.725,14.336,-38.511,0,0,0
-0.522,1.19,9.405,-17.153,-7.466,-42.809,0,0,0
-0.776,1.085,8.713,-18.351,-28.672,-45.832,0,0,0
-0.92,0.956,8.754,-17.87,-42.099,-44.626,0,0,0
-1.734,-0.338,11.872,-4.29,-40.229,-34.229,0,0,0
-1.72,0.651,9.46,-3.13,-31.618,-25.55,0,0,0
-2.244,0.776,8.823,-0.015,-28.153,-19.061,0,0,0
-2.488,0.479,8.828,2.748,-25.962,-13.473,0,0,0
-2.687,0.22,8.43,7.359,-22.42,-7.779,0,0,0
-2.309,-0.055,8.335,10.58,-15.802,-4.527,0,0,0
-1.892,-0.362,8.081,13.786,-6.473,-1.267,0,0,0
-1.542,-0.572,8.277,17.061,4.099,0.992,0,0,0
-1.205,-0.96,8.421,20.779,19.527,3.618,0,0,0
-1.53,-1.183,8.342,24.122,29.916,3.588,0,0,0
-1.056,-0.96,8.586,21.679,56.168,1.206,0,0,0
-6.407,-5.183,16.358,12.389,71.397,-5.16,0,0,0
-3.636,-1.839,12.468,-0.458,11.183,-14.374,0,0,0
-1.056,-0.383,8.79,-3.084,-5.924,-14.008,0,0,0
-1.356,-0.228,10.002,-3.924,-10.061,-12.321,0,0,0
-0.92,-0.414,9.357,-3.221,-4.641,-11.954,0,0,0
-1.291,-1.152,9.216,-2.924,-2.649,-12.076,0,0,0
-1.609,-1.672,9.309,-2.84,-4.603,-11.466,0,0,0
-1.451,-1.502,9.206,-2.664,-3.84,-9.328,0,0,0
-1.437,-1.624,9.302,-2.641,0.603,-6.313,0,0,0
-1.562,-1.406,9.329,-2.733,2.756,-4,0,0,0
-1.401,-1.55,9.393,-3.038,2.099,-2.427,0,0,0
-1.279,-1.408,9.456,-3.344,0.611,-1.557,0,0,0
-1.142,-1.269,9.281,-3.214,0.191,-0.641,0,0,0
-1.092,-1.061,9.348,-3.481,-1.916,0.107,0,0,0
-0.75,-1.147,9.283,-3.763,-1.466,0.985,0,0,0
-0.754,-0.999,9.369,-3.725,-0.916,1.588,0,0,0
-0.635,-0.924,9.465,-3.809,-0.145,2.122,0,0,0
-0.692,-0.79,9.494,-3.672,0.786,2.489,0,0,0
-0.57,-0.683,9.52,-3.779,0.985,2.542,0,0,0
-0.79,-0.556,9.465,-3.397,1.374,2.405,0,0,0
-0.654,-0.551,9.367,-3.557,2.267,1.962,0,0,0
-0.529,-0.525,9.444,-3.389,2.527,1.198,0,0,0
-0.58,-0.496,9.484,-3.183,2.977,-0.137,0,0,0
-1.471,-0.407,9.729,-4.321,-3.794,-1.046,0,0,0
-0.376,-0.493,9.685,-3.481,3.779,-0.42,0,0,0
-0.944,-0.453,9.432,-3.473,0.985,-0.656,0,0,0
-0.886,-0.503,9.499,-3.252,1.878,-0.702,0,0,0
-0.783,-0.472,9.362,-3.344,2.847,-0.687,0,0,0
-0.754,-0.465,9.434,-3.481,3.855,-0.496,0,0,0
-0.879,-0.45,9.412,-3.275,4.214,-0.481,0,0,0
-0.936,-0.429,9.341,-3.275,2.718,-0.519,0,0,0
-0.896,-0.489,9.451,-3.496,1.321,-0.687,0,0,0
-1.166,-0.491,9.468,-3.817,-3.321,-0.924,0,0,0
-0.702,-0.673,8.624,-4.099,-26.641,-2.206,0,0,0
0.798,-0.855,8.838,-1.115,44.916,1.649,0,0,0
-1.969,-0.596,9.606,-0.893,27.427,0.748,0,0,0
-1.289,-0.381,9.388,-2.115,14.542,0.176,0,0,0
-1.392,-0.405,9.044,-3.321,2.237,-0.542,0,0,0
-1.612,-0.307,9.329,-4.885,-14.901,-1.649,0,0,0
-2.778,-0.177,8.1,-10.031,-62.366,-4.183,0,0,0
3.624,-0.172,9.415,-2.351,-29.527,-1.382,0,0,0
2.055,-0.333,7.54,-4.42,39.809,1.511,0,0,0
-3.334,-0.484,10.421,-2.26,15.427,0.076,0,0,0
-1.732,-0.606,9.956,-3.679,-23.351,-2.061,0,0,0
0.522,-0.604,8.205,-2.672,13.87,0.29,0,0,0
-1.93,-0.41,9.901,-3.84,-0.336,-0.855,0,0,0
-0.271,-0.402,9.456,-3.58,-2.023,-0.809,0,0,0
-0.951,-0.467,9.441,-3.313,4.13,-0.435,0,0,0
-1.001,-0.462,9.511,-3.557,-2.557,-0.786,0,0,0
-0.675,-0.58,9.41,-3.481,2.634,-0.58,0,0,0
-0.963,-0.445,9.587,-3.443,0.229,-0.611,0,0,0
-0.757,-0.484,9.412,-3.473,1.061,-0.672,0,0,0
-0.884,-0.477,9.484,-3.382,1.092,-0.725,0,0,0
-0.881,-0.496,9.381,-3.336,0.733,-0.634,0,0,0
-0.855,-0.498,9.47,-3.42,0.977,-0.588,0,0,0
-0.85,-0.433,9.436,-3.45,0.771,-0.542,0,0,0
-0.79,-0.489,9.508,-3.313,1.084,-0.779,0,0,0
-0.841,-0.477,9.523,-3.458,0.985,-0.824,0,0,0
-0.826,-0.496,9.429,-3.405,0.985,-0.664,0,0,0
-0.812,-0.505,9.539,-3.527,0.992,-0.634,0,0,0
-0.843,-0.501,9.422,-3.42,0.931,-0.542,0,0,0
-0.821,-0.448,9.441,-3.466,1.069,-0.656,0,0,0
-0.845,-0.501,9.448,-3.458,1.053,-0.702,0,0,0
-0.896,-0.467,9.496,-3.534,0.969,-0.511,0,0,0
-0.874,-0.491,9.499,-3.489,1.198,-0.664,0,0,0
-0.848,-0.465,9.503,-3.55,1.389,-0.702,0,0,0
-0.872,-0.436,9.525,-3.489,0.931,-0.55,0,0,0
-0.793,-0.474,9.365,-3.275,1.061,-0.672,0,0,0
-0.867,-0.469,9.393,-3.504,1.099,-0.733,0,0,0
-0.841,-0.513,9.384,-3.473,1.305,-0.809,0,0,0
-0.812,-0.448,9.436,-3.534,1.137,-0.687,0,0,0
-0.838,-0.465,9.487,-3.397,1.076,-0.672,0,0,0
-0.824,-0.496,9.441,-3.511,1.069,-0.626,0,0,0
-0.884,-0.481,9.386,-3.412,1.076,-0.786,0,0,0
-0.836,-0.477,9.403,-3.542,0.977,-0.687,0,0,0
-0.867,-0.474,9.374,-3.481,0.985,-0.641,0,0,0
-0.879,-0.474,9.441,-3.275,1.206,-0.771,0,0,0
-0.829,-0.489,9.405,-3.504,0.954,-0.718,0,0,0
-0.872,-0.474,9.468,-3.511,1.031,-0.534,0,0,0
-0.874,-0.491,9.441,-3.542,0.939,-0.71,0,0,0
-0.862,-0.536,9.496,-3.618,0.779,-0.588,0,0,0
-0.817,-0.465,9.379,-3.443,1.198,-0.641,0,0,0
-0.802,-0.472,9.398,-3.458,0.977,-0.756,0,0,0
-0.798,-0.469,9.444,-3.427,0.885,-0.634,0,0,0
-0.903,-0.491,9.396,-3.565,1.107,-0.603,0,0,0
-0.886,-0.481,9.453,-3.359,1.221,-0.634,0,0,0
-0.802,-0.479,9.503,-3.527,0.977,-0.634,0,0,0
-0.814,-0.479,9.508,-3.45,1.16,-0.595,0,0,0
-0.86,-0.424,9.491,-3.481,1.061,-0.626,0,0,0
-0.838,-0.462,9.511,-3.45,1.191,-0.634,0,0,0
-0.898,-0.479,9.345,-3.466,0.87,-0.786,0,0,0
-0.867,-0.481,9.362,-3.557,0.756,-0.733,0,0,0
-0.855,-0.496,9.429,-3.473,1.092,-0.702,0,0,0
-0.836,-0.453,9.484,-3.405,0.947,-0.763,0,0,0
-0.783,-0.455,9.463,-3.473,1.237,-0.664,0,0,0
-0.86,-0.465,9.345,-3.443,1.008,-0.618,0,0,0
-0.853,-0.484,9.436,-3.542,0.924,-0.603,0,0,0
-0.841,-0.498,9.451,-3.496,1.122,-0.763,0,0,0
-0.826,-0.422,9.484,-3.504,0.893,-0.618,0,0,0
-0.838,-0.489,9.388,-3.496,1.145,-0.718,0,0,0
-0.86,-0.491,9.477,-3.565,1.069,-0.626,0,0,0
-0.872,-0.481,9.42,-3.511,0.969,-0.763,0,0,0
-0.889,-0.474,9.386,-3.374,0.977,-0.763,0,0,0
-0.862,-0.489,9.448,-3.496,1.107,-0.687,0,0,0
-0.915,-0.455,9.429,-3.42,0.977,-0.618,0,0,0
-0.867,-0.457,9.393,-3.45,1.122,-0.618,0,0,0
-0.781,-0.438,9.396,-3.542,1.206,-0.74,0,0,0
-0.889,-0.479,9.484,-3.496,1.168,-0.618,0,0,0
-0.807,-0.469,9.508,-3.298,1.099,-0.649,0,0,0
-0.829,-0.457,9.384,-3.573,1.023,-0.664,0,0,0
-0.85,-0.517,9.436,-3.382,1.076,-0.832,0,0,0
-0.826,-0.491,9.369,-3.511,1.191,-0.733,0,0,0
-0.783,-0.448,9.499,-3.435,1.023,-0.702,0,0,0
-0.833,-0.455,9.468,-3.511,1.046,-0.534,0,0,0
-0.855,-0.481,9.393,-3.756,1.107,-0.672,0,0,0
-0.821,-0.436,9.381,-3.489,1,-0.641,0,0,0
-0.85,-0.525,9.331,-3.389,1.084,-0.809,0,0,0
-0.855,-0.496,9.448,-3.298,1.076,-0.611,0,0,0
-0.843,-0.486,9.4,-3.359,0.802,-0.603,0,0,0
-0.829,-0.486,9.463,-3.504,1.008,-0.679,0,0,0
-0.898,-0.517,9.446,-3.29,0.939,-0.733,0,0,0
-0.872,-0.479,9.477,-3.389,1.084,-0.649,0,0,0
-0.786,-0.515,9.453,-3.466,0.908,-0.756,0,0,0
-0.805,-0.496,9.42,-3.458,1,-0.672,0,0,0
-0.819,-0.443,9.24,-3.382,1.13,-0.534,0,0,0
-0.793,-0.508,9.487,-3.496,1.069,-0.527,0,0,0
-0.831,-0.51,9.501,-3.183,0.893,-0.557,0,0,0
-0.81,-0.479,9.539,-3.496,1.191,-0.786,0,0,0
-0.781,-0.443,9.563,-3.435,0.962,-0.656,0,0,0
-0.843,-0.548,9.432,-3.298,0.802,-0.611,0,0,0
-0.908,-0.426,9.688,-3.74,1.13,-0.626,0,0,0
-0.79,-0.433,9.638,-3.664,1.084,-0.496,0,0,0
-0.845,-0.414,9.537,-3.542,0.87,-0.664,0,0,0
-0.833,-0.414,9.4,-3.542,0.931,-0.725,0,0,0
-0.805,-0.484,9.377,-3.427,1.16,-0.603,0,0,0
-0.845,-0.472,9.487,-3.473,1.122,-0.718,0,0,0
-0.774,-0.479,9.451,-3.557,1.099,-0.649,0,0,0
-0.865,-0.501,9.372,-3.397,1.092,-0.603,0,0,0
-0.855,-0.517,9.453,-3.466,1.168,-0.565,0,0,0
-0.915,-0.445,9.427,-3.435,1.069,-0.634,0,0,0
-0.853,-0.52,9.412,-3.382,0.817,-0.634,0,0,0
-0.819,-0.388,9.499,-3.542,1.023,-0.687,0,0,0
-0.853,-0.503,9.422,-3.359,1.092,-0.863,0,0,0
-0.824,-0.453,9.41,-3.473,1.107,-0.786,0,0,0
-0.819,-0.472,9.544,-3.305,1.076,-0.626,0,0,0
-0.86,-0.441,9.393,-3.618,1.321,-0.649,0,0,0
-0.778,-0.532,9.415,-3.366,1.168,-0.611,0,0,0
-0.872,-0.477,9.451,-3.412,0.947,-0.603,0,0,0
-0.874,-0.469,9.499,-3.473,0.916,-0.725,0,0,0
-0.831,-0.522,9.391,-3.382,0.985,-0.718,0,0,0
-0.857,-0.465,9.506,-3.405,1.153,-0.542,0,0,0
-0.901,-0.496,9.468,-3.595,1.092,-0.702,0,0,0
-0.85,-0.402,9.408,-3.427,0.878,-0.924,0,0,0
-0.829,-0.513,9.42,-3.573,0.916,-0.71,0,0,0
-0.819,-0.429,9.468,-3.443,1.092,-0.679,0,0,0
-0.91,-0.525,9.539,-3.45,1.046,-0.725,0,0,0
-0.862,-0.457,9.403,-3.42,1.023,-0.672,0,0,0
-0.853,-0.474,9.503,-3.504,0.939,-0.649,0,0,0
-0.841,-0.465,9.434,-3.458,0.908,-0.672,0,0,0
-0.867,-0.453,9.36,-3.359,1.015,-0.664,0,0,0
-0.802,-0.513,9.391,-3.504,0.977,-0.603,0,0,0
-0.841,-0.498,9.41,-3.382,1.107,-0.71,0,0,0
-0.848,-0.525,9.422,-3.336,0.885,-0.656,0,0,0
-0.872,-0.493,9.568,-3.481,1.076,-0.779,0,0,0
-0.833,-0.496,9.441,-3.466,1.145,-0.725,0,0,0
-0.874,-0.558,9.444,-3.481,1.015,-0.672,0,0,0
-0.836,-0.508,9.35,-3.29,0.84,-0.664,0,0,0
-0.905,-0.51,9.422,-3.58,1.145,-0.656,0,0,0
-0.829,-0.46,9.479,-3.542,0.947,-0.687,0,0,0
-0.8,-0.496,9.532,-3.557,1.084,-0.695,0,0,0
-0.826,-0.493,9.386,-3.42,0.802,-0.656,0,0,0
-0.865,-0.457,9.508,-3.473,0.824,-0.672,0,0,0
-0.85,-0.474,9.463,-3.511,1.107,-0.641,0,0,0
-0.824,-0.45,9.501,-3.427,1.107,-0.809,0,0,0
-0.841,-0.481,9.484,-3.618,1.282,-0.687,0,0,0
-0.872,-0.445,9.451,-3.366,1.031,-0.672,0,0,0
-0.884,-0.441,9.412,-3.374,1.031,-0.634,0,0,0
-0.819,-0.481,9.353,-3.344,0.947,-0.748,0,0,0
-0.884,-0.491,9.424,-3.42,0.931,-0.573,0,0,0
-0.936,-0.433,9.544,-3.489,1.107,-0.779,0,0,0
-0.86,-0.489,9.412,-3.397,1.206,-0.794,0,0,0
-0.891,-0.529,9.223,-3.321,1.046,-0.702,0,0,0
-0.85,-0.513,9.305,-3.427,0.931,-0.702,0,0,0
-0.738,-0.589,9.41,-3.351,0.786,-0.695,0,0,0
-0.766,-0.544,9.604,-3.611,0.748,-0.802,0,0,0
-0.963,-0.443,9.879,-3.885,1.786,-0.733,0,0,0
-0.908,-0.39,9.748,-3.695,1.214,-0.718,0,0,0
-0.857,-0.457,9.357,-3.282,1.023,-0.649,0,0,0
-0.898,-0.498,9.123,-3.191,0.924,-0.626,0,0,0
-0.836,-0.501,9.154,-3.298,0.802,-0.786,0,0,0
-0.881,-0.52,9.408,-3.573,1.176,-0.634,0,0,0
-0.869,-0.462,9.506,-3.527,1.359,-0.702,0,0,0
-0.841,-0.424,9.501,-3.595,1.191,-0.496,0,0,0
-0.848,-0.462,9.386,-3.481,0.969,-0.695,0,0,0
-0.788,-0.491,9.381,-3.573,0.954,-0.634,0,0,0
-0.855,-0.503,9.465,-3.496,0.954,-0.603,0,0,0
-0.807,-0.46,9.475,-3.527,1.229,-0.679,0,0,0
-0.843,-0.491,9.444,-3.565,1.107,-0.672,0,0,0
-0.79,-0.465,9.434,-3.504,1.046,-0.588,0,0,0
-0.8,-0.501,9.451,-3.565,1.176,-0.695,0,0,0
-0.838,-0.477,9.369,-3.374,1.031,-0.588,0,0,0
-0.848,-0.455,9.42,-3.557,1.168,-0.71,0,0,0
-0.838,-0.419,9.487,-3.527,0.87,-0.702,0,0,0
-0.833,-0.486,9.372,-3.359,1.176,-0.496,0,0,0
-0.817,-0.474,9.436,-3.275,1.023,-0.557,0,0,0
-0.817,-0.469,9.412,-3.427,0.794,-0.71,0,0,0
-0.819,-0.465,9.427,-3.489,1.008,-0.779,0,0,0
-0.81,-0.465,9.444,-3.466,0.931,-0.885,0,0,0
-0.896,-0.443,9.41,-3.534,1.237,-0.771,0,0,0
-0.812,-0.505,9.398,-3.473,1.023,-0.656,0,0,0
-0.85,-0.508,9.46,-3.634,0.893,-0.779,0,0,0
-0.853,-0.474,9.441,-3.389,1,-0.664,0,0,0
-0.865,-0.52,9.484,-3.481,1.29,-0.672,0,0,0
-0.843,-0.503,9.434,-3.466,1.221,-0.618,0,0,0
-0.86,-0.496,9.491,-3.473,1.176,-0.786,0,0,0
-0.86,-0.469,9.405,-3.374,0.847,-0.557,0,0,0
-0.814,-0.481,9.391,-3.45,1.298,-0.679,0,0,0
-0.903,-0.498,9.417,-3.511,0.908,-0.802,0,0,0
-0.862,-0.46,9.501,-3.382,0.954,-0.634,0,0,0
-0.833,-0.503,9.477,-3.45,1.046,-0.534,0,0,0
-0.833,-0.393,9.422,-3.504,1.076,-0.58,0,0,0
-0.843,-0.438,9.501,-3.458,0.954,-0.718,0,0,0
-0.879,-0.457,9.432,-3.313,1.084,-0.679,0,0,0
-0.798,-0.513,9.523,-3.603,1.275,-0.74,0,0,0
-0.836,-0.455,9.448,-3.527,1.084,-0.847,0,0,0
-0.855,-0.474,9.456,-3.344,0.924,-0.748,0,0,0
-0.867,-0.431,9.472,-3.511,0.916,-0.733,0,0,0
-0.829,-0.441,9.453,-3.473,1.26,-0.718,0,0,0
-0.814,-0.501,9.441,-3.458,0.756,-0.649,0,0,0
-0.841,-0.496,9.417,-3.473,1.359,-0.786,0,0,0
-0.807,-0.474,9.468,-3.351,0.863,-0.695,0,0,0
-0.881,-0.529,9.403,-3.542,0.931,-0.763,0,0,0
-0.869,-0.455,9.482,-3.55,1.115,-0.588,0,0,0
-0.869,-0.498,9.436,-3.427,1.069,-0.756,0,0,0
-0.85,-0.491,9.508,-3.458,1.16,-0.527,0,0,0
-0.903,-0.484,9.477,-3.45,1.198,-0.634,0,0,0
-0.857,-0.443,9.341,-3.504,1.137,-0.672,0,0,0
-0.946,-0.455,9.432,-3.405,0.977,-0.817,0,0,0
-0.879,-0.445,9.379,-3.313,1.26,-0.603,0,0,0
-0.829,-0.51,9.494,-3.435,1.183,-0.718,0,0,0
-0.879,-0.489,9.427,-3.573,0.824,-0.489,0,0,0
-0.8,-0.522,9.527,-3.519,1.038,-0.618,0,0,0
-0.841,-0.522,9.52,-3.58,1.328,-0.74,0,0,0
-0.853,-0.498,9.412,-3.519,1.061,-0.832,0,0,0
-0.85,-0.498,9.496,-3.496,1.015,-0.595,0,0,0
-0.831,-0.481,9.463,-3.618,0.771,-0.603,0,0,0
-0.862,-0.479,9.369,-3.557,0.908,-0.641,0,0,0
-0.85,-0.52,9.503,-3.45,1.107,-0.718,0,0,0
-0.778,-0.441,9.41,-3.397,0.969,-0.557,0,0,0
-0.857,-0.422,9.503,-3.489,1.046,-0.718,0,0,0
-0.817,-0.51,9.424,-3.573,0.954,-0.74,0,0,0
-0.848,-0.51,9.479,-3.458,0.771,-0.771,0,0,0
-0.872,-0.534,9.496,-3.542,0.924,-0.748,0,0,0
-0.879,-0.469,9.456,-3.58,0.985,-0.733,0,0,0
-0.8,-0.465,9.487,-3.504,0.809,-0.649,0,0,0
-0.829,-0.445,9.396,-3.412,1.046,-0.58,0,0,0
-0.857,-0.443,9.456,-3.481,1.015,-0.702,0,0,0
-0.793,-0.484,9.348,-3.527,1.099,-0.58,0,0,0
-0.855,-0.431,9.441,-3.534,1.16,-0.618,0,0,0
-0.86,-0.489,9.46,-3.504,1.023,-0.733,0,0,0
-0.814,-0.457,9.365,-3.534,0.855,-0.794,0,0,0
-0.884,-0.484,9.441,-3.634,0.962,-0.702,0,0,0
-0.812,-0.443,9.463,-3.527,1.099,-0.763,0,0,0
-0.781,-0.498,9.468,-3.42,0.885,-0.725,0,0,0
-0.81,-0.479,9.491,-3.443,1.191,-0.748,0,0,0
-0.81,-0.457,9.501,-3.466,1.183,-0.618,0,0,0
-0.867,-0.472,9.386,-3.443,0.771,-0.794,0,0,0
-0.879,-0.45,9.441,-3.565,1.115,-0.611,0,0,0
-0.81,-0.417,9.403,-3.458,0.855,-0.763,0,0,0
-0.821,-0.443,9.415,-3.443,1.298,-0.557,0,0,0
-0.829,-0.462,9.408,-3.458,1.061,-0.542,0,0,0
-0.831,-0.508,9.427,-3.389,1.099,-0.603,0,0,0
-0.836,-0.441,9.434,-3.405,1.031,-0.573,0,0,0
-0.877,-0.536,9.544,-3.458,0.969,-0.634,0,0,0
-0.881,-0.462,9.484,-3.351,1.015,-0.702,0,0,0
-0.795,-0.484,9.374,-3.443,1.214,-0.641,0,0,0
-0.853,-0.455,9.367,-3.344,0.939,-0.824,0,0,0
-0.867,-0.46,9.417,-3.344,0.985,-0.595,0,0,0
-0.81,-0.498,9.4,-3.397,0.985,-0.534,0,0,0
-0.817,-0.433,9.494,-3.366,1.099,-0.603,0,0,0
-0.865,-0.479,9.429,-3.519,1.061,-0.641,0,0,0
-0.86,-0.436,9.398,-3.42,0.924,-0.855,0,0,0
-0.81,-0.419,9.297,-3.321,0.763,-0.595,0,0,0
-0.771,-0.436,9.348,-3.542,0.908,-0.679,0,0,0
-0.879,-0.525,9.506,-3.542,1.115,-0.74,0,0,0
-0.817,-0.503,9.463,-3.458,1.16,-0.679,0,0,0
-0.788,-0.508,9.484,-3.473,1.046,-0.641,0,0,0
-0.86,-0.484,9.4,-3.412,0.924,-0.733,0,0,0
-0.865,-0.491,9.384,-3.313,1.038,-0.611,0,0,0
-0.81,-0.467,9.365,-3.588,1.053,-0.71,0,0,0
-0.867,-0.46,9.412,-3.305,0.962,-0.733,0,0,0
-0.872,-0.438,9.456,-3.55,0.985,-0.565,0,0,0
-0.776,-0.448,9.491,-3.45,0.985,-0.679,0,0,0
-0.872,-0.484,9.436,-3.466,1.015,-0.733,0,0,0
-0.862,-0.496,9.35,-3.527,1.153,-0.74,0,0,0
-0.833,-0.431,9.415,-3.435,1.137,-0.527,0,0,0
-0.819,-0.453,9.405,-3.389,1.008,-0.763,0,0,0
-0.831,-0.467,9.446,-3.42,1.061,-0.55,0,0,0
-0.874,-0.436,9.544,-3.58,1.252,-0.656,0,0,0
-0.872,-0.489,9.424,-3.389,0.84,-0.641,0,0,0
-0.85,-0.493,9.444,-3.489,1.023,-0.702,0,0,0
-0.833,-0.457,9.458,-3.458,0.824,-0.687,0,0,0
-0.855,-0.477,9.408,-3.557,1.115,-0.733,0,0,0
-0.886,-0.46,9.405,-3.443,0.863,-0.748,0,0,0
-0.836,-0.517,9.487,-3.519,0.908,-0.611,0,0,0
-0.793,-0.457,9.52,-3.55,1.183,-0.702,0,0,0
-0.821,-0.491,9.487,-3.382,0.855,-0.573,0,0,0
-0.826,-0.45,9.415,-3.473,1.145,-0.55,0,0,0
-0.831,-0.424,9.439,-3.397,1.252,-0.748,0,0,0
-0.86,-0.417,9.367,-3.573,1.137,-0.679,0,0,0
-0.877,-0.455,9.475,-3.496,1.076,-0.603,0,0,0
-0.841,-0.493,9.408,-3.458,1.176,-0.626,0,0,0
-0.85,-0.484,9.489,-3.534,1.206,-0.527,0,0,0
-0.836,-0.527,9.448,-3.45,1.076,-0.664,0,0,0
-0.783,-0.536,9.374,-3.321,0.992,-0.649,0,0,0
-0.838,-0.438,9.463,-3.519,1.221,-0.679,0,0,0
-0.857,-0.496,9.405,-3.42,1.107,-0.756,0,0,0
-0.81,-0.465,9.424,-3.45,0.962,-0.641,0,0,0
-0.874,-0.46,9.415,-3.374,0.939,-0.641,0,0,0
-0.85,-0.457,9.441,-3.481,1.168,-0.847,0,0,0
-0.841,-0.419,9.338,-3.489,0.992,-0.809,0,0,0
-0.819,-0.496,9.422,-3.45,1.099,-0.672,0,0,0
-0.865,-0.436,9.479,-3.412,1.16,-0.55,0,0,0
-0.86,-0.496,9.444,-3.443,1.008,-0.656,0,0,0
-0.836,-0.496,9.458,-3.466,0.954,-0.687,0,0,0
-0.85,-0.445,9.453,-3.313,1.313,-0.771,0,0,0
-0.841,-0.474,9.475,-3.366,0.969,-0.809,0,0,0
-0.845,-0.479,9.408,-3.366,1.008,-0.634,0,0,0
-0.836,-0.527,9.42,-3.389,0.962,-0.466,0,0,0
-0.79,-0.498,9.448,-3.42,0.885,-0.611,0,0,0
-0.824,-0.486,9.491,-3.496,1.328,-0.664,0,0,0
-0.812,-0.527,9.508,-3.565,1.153,-0.733,0,0,0
-0.903,-0.445,9.434,-3.504,1.031,-0.779,0,0,0
-0.824,-0.496,9.42,-3.366,1.137,-0.672,0,0,0
-0.865,-0.472,9.381,-3.534,0.863,-0.58,0,0,0
-0.865,-0.465,9.465,-3.542,1.084,-0.679,0,0,0
-0.857,-0.455,9.391,-3.382,0.969,-0.695,0,0,0
-0.843,-0.541,9.475,-3.45,1.206,-0.58,0,0,0
-0.853,-0.503,9.374,-3.397,0.962,-0.71,0,0,0
-0.867,-0.443,9.408,-3.519,0.885,-0.626,0,0,0
-0.903,-0.479,9.377,-3.557,0.817,-0.58,0,0,0
-0.793,-0.441,9.46,-3.542,1.122,-0.672,0,0,0
-0.824,-0.455,9.405,-3.42,1.137,-0.58,0,0,0
-0.831,-0.438,9.432,-3.534,0.885,-0.794,0,0,0
-0.788,-0.469,9.403,-3.55,1.145,-0.504,0,0,0
-0.824,-0.493,9.484,-3.481,1.069,-0.611,0,0,0
-0.855,-0.558,9.475,-3.481,0.992,-0.626,0,0,0
-0.838,-0.443,9.479,-3.527,0.931,-0.656,0,0,0
-0.872,-0.457,9.446,-3.489,0.992,-0.634,0,0,0
-0.826,-0.467,9.439,-3.389,1.031,-0.695,0,0,0
-0.843,-0.417,9.386,-3.374,1.145,-0.664,0,0,0
